,STATION,DATE,TMAX,TMIN
0,USW00094728,2013-01-01,40,26
1,USW00094728,2013-01-02,33,22
2,USW00094728,2013-01-03,32,24
3,USW00094728,2013-01-04,37,30
4,USW00094728,2013-01-05,42,32
5,USW00094728,2013-01-06,46,34
6,USW00094728,2013-01-07,45,37
7,USW00094728,2013-01-08,48,35
8,USW00094728,2013-01-09,49,39
9,USW00094728,2013-01-10,47,40
10,USW00094728,2013-01-11,46,37
11,USW00094728,2013-01-12,47,42
12,USW00094728,2013-01-13,50,43
13,USW00094728,2013-01-14,56,38
14,USW00094728,2013-01-15,38,35
15,USW00094728,2013-01-16,37,32
16,USW00094728,2013-01-17,43,35
17,USW00094728,2013-01-18,35,25
18,USW00094728,2013-01-19,51,30
19,USW00094728,2013-01-20,53,30
20,USW00094728,2013-01-21,32,26
21,USW00094728,2013-01-22,27,13
22,USW00094728,2013-01-23,20,11
23,USW00094728,2013-01-24,22,12
24,USW00094728,2013-01-25,24,13
25,USW00094728,2013-01-26,27,15
26,USW00094728,2013-01-27,34,19
27,USW00094728,2013-01-28,36,29
28,USW00094728,2013-01-29,49,36
29,USW00094728,2013-01-30,59,39
30,USW00094728,2013-01-31,61,30
31,USW00094728,2013-02-01,31,24
32,USW00094728,2013-02-02,29,19
33,USW00094728,2013-02-03,30,24
34,USW00094728,2013-02-04,30,23
35,USW00094728,2013-02-05,32,28
36,USW00094728,2013-02-06,39,29
37,USW00094728,2013-02-07,32,26
38,USW00094728,2013-02-08,34,27
39,USW00094728,2013-02-09,32,21
40,USW00094728,2013-02-10,36,18
41,USW00094728,2013-02-11,45,34
42,USW00094728,2013-02-12,44,36
43,USW00094728,2013-02-13,44,33
44,USW00094728,2013-02-14,46,33
45,USW00094728,2013-02-15,55,37
46,USW00094728,2013-02-16,41,31
47,USW00094728,2013-02-17,32,18
48,USW00094728,2013-02-18,35,17
49,USW00094728,2013-02-19,49,33
50,USW00094728,2013-02-20,38,25
51,USW00094728,2013-02-21,34,24
52,USW00094728,2013-02-22,38,25
53,USW00094728,2013-02-23,42,36
54,USW00094728,2013-02-24,47,34
55,USW00094728,2013-02-25,45,32
56,USW00094728,2013-02-26,44,35
57,USW00094728,2013-02-27,47,36
58,USW00094728,2013-02-28,51,39
59,USW00094728,2013-03-01,45,36
60,USW00094728,2013-03-02,40,31
61,USW00094728,2013-03-03,40,29
62,USW00094728,2013-03-04,42,27
63,USW00094728,2013-03-05,49,31
64,USW00094728,2013-03-06,42,38
65,USW00094728,2013-03-07,38,33
66,USW00094728,2013-03-08,42,31
67,USW00094728,2013-03-09,55,35
68,USW00094728,2013-03-10,50,36
69,USW00094728,2013-03-11,54,40
70,USW00094728,2013-03-12,57,43
71,USW00094728,2013-03-13,52,38
72,USW00094728,2013-03-14,41,29
73,USW00094728,2013-03-15,47,30
74,USW00094728,2013-03-16,41,32
75,USW00094728,2013-03-17,38,29
76,USW00094728,2013-03-18,35,28
77,USW00094728,2013-03-19,43,33
78,USW00094728,2013-03-20,45,32
79,USW00094728,2013-03-21,40,30
80,USW00094728,2013-03-22,41,28
81,USW00094728,2013-03-23,46,32
82,USW00094728,2013-03-24,47,33
83,USW00094728,2013-03-25,40,36
84,USW00094728,2013-03-26,53,37
85,USW00094728,2013-03-27,53,36
86,USW00094728,2013-03-28,51,37
87,USW00094728,2013-03-29,55,40
88,USW00094728,2013-03-30,59,40
89,USW00094728,2013-03-31,54,44
90,USW00094728,2013-04-01,62,37
91,USW00094728,2013-04-02,43,33
92,USW00094728,2013-04-03,46,33
93,USW00094728,2013-04-04,53,33
94,USW00094728,2013-04-05,64,41
95,USW00094728,2013-04-06,52,35
96,USW00094728,2013-04-07,55,40
97,USW00094728,2013-04-08,73,51
98,USW00094728,2013-04-09,82,51
99,USW00094728,2013-04-10,74,55
100,USW00094728,2013-04-11,60,47
101,USW00094728,2013-04-12,47,41
102,USW00094728,2013-04-13,58,41
103,USW00094728,2013-04-14,57,46
104,USW00094728,2013-04-15,59,44
105,USW00094728,2013-04-16,63,47
106,USW00094728,2013-04-17,71,55
107,USW00094728,2013-04-18,59,51
108,USW00094728,2013-04-19,71,55
109,USW00094728,2013-04-20,60,43
110,USW00094728,2013-04-21,55,37
111,USW00094728,2013-04-22,55,41
112,USW00094728,2013-04-23,53,41
113,USW00094728,2013-04-24,69,44
114,USW00094728,2013-04-25,66,46
115,USW00094728,2013-04-26,67,50
116,USW00094728,2013-04-27,71,48
117,USW00094728,2013-04-28,69,51
118,USW00094728,2013-04-29,57,52
119,USW00094728,2013-04-30,68,51
120,USW00094728,2013-05-01,69,47
121,USW00094728,2013-05-02,72,49
122,USW00094728,2013-05-03,66,49
123,USW00094728,2013-05-04,69,48
124,USW00094728,2013-05-05,64,46
125,USW00094728,2013-05-06,69,46
126,USW00094728,2013-05-07,74,52
127,USW00094728,2013-05-08,63,55
128,USW00094728,2013-05-09,68,54
129,USW00094728,2013-05-10,79,59
130,USW00094728,2013-05-11,70,61
131,USW00094728,2013-05-12,70,51
132,USW00094728,2013-05-13,58,45
133,USW00094728,2013-05-14,61,42
134,USW00094728,2013-05-15,69,52
135,USW00094728,2013-05-16,79,62
136,USW00094728,2013-05-17,72,58
137,USW00094728,2013-05-18,65,56
138,USW00094728,2013-05-19,59,55
139,USW00094728,2013-05-20,79,58
140,USW00094728,2013-05-21,86,68
141,USW00094728,2013-05-22,78,59
142,USW00094728,2013-05-23,80,64
143,USW00094728,2013-05-24,65,45
144,USW00094728,2013-05-25,54,45
145,USW00094728,2013-05-26,66,48
146,USW00094728,2013-05-27,73,51
147,USW00094728,2013-05-28,68,56
148,USW00094728,2013-05-29,82,58
149,USW00094728,2013-05-30,90,72
150,USW00094728,2013-05-31,90,75
151,USW00094728,2013-06-01,90,73
152,USW00094728,2013-06-02,88,69
153,USW00094728,2013-06-03,78,66
154,USW00094728,2013-06-04,75,57
155,USW00094728,2013-06-05,74,58
156,USW00094728,2013-06-06,70,59
157,USW00094728,2013-06-07,63,59
158,USW00094728,2013-06-08,77,57
159,USW00094728,2013-06-09,80,63
160,USW00094728,2013-06-10,70,62
161,USW00094728,2013-06-11,80,64
162,USW00094728,2013-06-12,76,65
163,USW00094728,2013-06-13,69,55
164,USW00094728,2013-06-14,72,53
165,USW00094728,2013-06-15,80,61
166,USW00094728,2013-06-16,80,65
167,USW00094728,2013-06-17,84,69
168,USW00094728,2013-06-18,84,64
169,USW00094728,2013-06-19,77,59
170,USW00094728,2013-06-20,80,62
171,USW00094728,2013-06-21,82,64
172,USW00094728,2013-06-22,84,65
173,USW00094728,2013-06-23,88,70
174,USW00094728,2013-06-24,92,74
175,USW00094728,2013-06-25,91,73
176,USW00094728,2013-06-26,85,74
177,USW00094728,2013-06-27,86,73
178,USW00094728,2013-06-28,85,73
179,USW00094728,2013-06-29,83,71
180,USW00094728,2013-06-30,86,73
181,USW00094728,2013-07-01,77,72
182,USW00094728,2013-07-02,82,72
183,USW00094728,2013-07-03,83,73
184,USW00094728,2013-07-04,87,75
185,USW00094728,2013-07-05,90,76
186,USW00094728,2013-07-06,92,78
187,USW00094728,2013-07-07,92,78
188,USW00094728,2013-07-08,89,73
189,USW00094728,2013-07-09,88,74
190,USW00094728,2013-07-10,85,75
191,USW00094728,2013-07-11,84,76
192,USW00094728,2013-07-12,77,68
193,USW00094728,2013-07-13,81,67
194,USW00094728,2013-07-14,90,74
195,USW00094728,2013-07-15,94,78
196,USW00094728,2013-07-16,94,77
197,USW00094728,2013-07-17,97,79
198,USW00094728,2013-07-18,98,81
199,USW00094728,2013-07-19,96,83
200,USW00094728,2013-07-20,93,81
201,USW00094728,2013-07-21,89,76
202,USW00094728,2013-07-22,86,75
203,USW00094728,2013-07-23,87,73
204,USW00094728,2013-07-24,83,68
205,USW00094728,2013-07-25,68,64
206,USW00094728,2013-07-26,83,65
207,USW00094728,2013-07-27,82,70
208,USW00094728,2013-07-28,78,70
209,USW00094728,2013-07-29,85,69
210,USW00094728,2013-07-30,83,67
211,USW00094728,2013-07-31,83,67
212,USW00094728,2013-08-01,76,66
213,USW00094728,2013-08-02,83,67
214,USW00094728,2013-08-03,78,68
215,USW00094728,2013-08-04,80,66
216,USW00094728,2013-08-05,78,62
217,USW00094728,2013-08-06,82,64
218,USW00094728,2013-08-07,80,70
219,USW00094728,2013-08-08,81,70
220,USW00094728,2013-08-09,85,74
221,USW00094728,2013-08-10,83,70
222,USW00094728,2013-08-11,81,65
223,USW00094728,2013-08-12,82,70
224,USW00094728,2013-08-13,77,68
225,USW00094728,2013-08-14,74,61
226,USW00094728,2013-08-15,78,59
227,USW00094728,2013-08-16,82,64
228,USW00094728,2013-08-17,84,64
229,USW00094728,2013-08-18,76,68
230,USW00094728,2013-08-19,79,66
231,USW00094728,2013-08-20,88,68
232,USW00094728,2013-08-21,90,72
233,USW00094728,2013-08-22,78,71
234,USW00094728,2013-08-23,82,71
235,USW00094728,2013-08-24,80,65
236,USW00094728,2013-08-25,83,64
237,USW00094728,2013-08-26,84,68
238,USW00094728,2013-08-27,87,71
239,USW00094728,2013-08-28,86,71
240,USW00094728,2013-08-29,80,71
241,USW00094728,2013-08-30,85,70
242,USW00094728,2013-08-31,86,73
243,USW00094728,2013-09-01,84,75
244,USW00094728,2013-09-02,82,74
245,USW00094728,2013-09-03,82,68
246,USW00094728,2013-09-04,82,65
247,USW00094728,2013-09-05,80,64
248,USW00094728,2013-09-06,72,57
249,USW00094728,2013-09-07,80,59
250,USW00094728,2013-09-08,83,64
251,USW00094728,2013-09-09,73,57
252,USW00094728,2013-09-10,87,68
253,USW00094728,2013-09-11,96,77
254,USW00094728,2013-09-12,87,70
255,USW00094728,2013-09-13,77,59
256,USW00094728,2013-09-14,67,54
257,USW00094728,2013-09-15,73,51
258,USW00094728,2013-09-16,73,56
259,USW00094728,2013-09-17,65,50
260,USW00094728,2013-09-18,72,51
261,USW00094728,2013-09-19,78,55
262,USW00094728,2013-09-20,79,60
263,USW00094728,2013-09-21,77,61
264,USW00094728,2013-09-22,69,54
265,USW00094728,2013-09-23,66,50
266,USW00094728,2013-09-24,73,47
267,USW00094728,2013-09-25,73,52
268,USW00094728,2013-09-26,71,58
269,USW00094728,2013-09-27,69,57
270,USW00094728,2013-09-28,73,56
271,USW00094728,2013-09-29,72,57
272,USW00094728,2013-09-30,75,56
273,USW00094728,2013-10-01,82,59
274,USW00094728,2013-10-02,83,64
275,USW00094728,2013-10-03,78,63
276,USW00094728,2013-10-04,86,66
277,USW00094728,2013-10-05,76,64
278,USW00094728,2013-10-06,70,65
279,USW00094728,2013-10-07,76,60
280,USW00094728,2013-10-08,67,54
281,USW00094728,2013-10-09,62,53
282,USW00094728,2013-10-10,65,54
283,USW00094728,2013-10-11,68,60
284,USW00094728,2013-10-12,72,60
285,USW00094728,2013-10-13,65,56
286,USW00094728,2013-10-14,66,52
287,USW00094728,2013-10-15,72,53
288,USW00094728,2013-10-16,67,56
289,USW00094728,2013-10-17,73,61
290,USW00094728,2013-10-18,68,55
291,USW00094728,2013-10-19,64,52
292,USW00094728,2013-10-20,63,50
293,USW00094728,2013-10-21,66,50
294,USW00094728,2013-10-22,67,51
295,USW00094728,2013-10-23,55,45
296,USW00094728,2013-10-24,54,41
297,USW00094728,2013-10-25,53,40
298,USW00094728,2013-10-26,55,41
299,USW00094728,2013-10-27,58,46
300,USW00094728,2013-10-28,61,43
301,USW00094728,2013-10-29,56,44
302,USW00094728,2013-10-30,60,47
303,USW00094728,2013-10-31,66,53
304,USW00094728,2013-11-01,70,59
305,USW00094728,2013-11-02,68,55
306,USW00094728,2013-11-03,55,37
307,USW00094728,2013-11-04,46,35
308,USW00094728,2013-11-05,55,41
309,USW00094728,2013-11-06,61,49
310,USW00094728,2013-11-07,64,44
311,USW00094728,2013-11-08,50,40
312,USW00094728,2013-11-09,50,38
313,USW00094728,2013-11-10,61,44
314,USW00094728,2013-11-11,53,43
315,USW00094728,2013-11-12,52,31
316,USW00094728,2013-11-13,39,29
317,USW00094728,2013-11-14,52,33
318,USW00094728,2013-11-15,57,44
319,USW00094728,2013-11-16,60,45
320,USW00094728,2013-11-17,60,51
321,USW00094728,2013-11-18,65,51
322,USW00094728,2013-11-19,51,36
323,USW00094728,2013-11-20,44,32
324,USW00094728,2013-11-21,52,35
325,USW00094728,2013-11-22,57,51
326,USW00094728,2013-11-23,54,31
327,USW00094728,2013-11-24,30,23
328,USW00094728,2013-11-25,35,23
329,USW00094728,2013-11-26,47,33
330,USW00094728,2013-11-27,62,35
331,USW00094728,2013-11-28,35,30
332,USW00094728,2013-11-29,39,29
333,USW00094728,2013-11-30,39,25
334,USW00094728,2013-12-01,49,36
335,USW00094728,2013-12-02,49,41
336,USW00094728,2013-12-03,53,38
337,USW00094728,2013-12-04,52,41
338,USW00094728,2013-12-05,60,48
339,USW00094728,2013-12-06,62,37
340,USW00094728,2013-12-07,41,32
341,USW00094728,2013-12-08,33,29
342,USW00094728,2013-12-09,39,31
343,USW00094728,2013-12-10,37,30
344,USW00094728,2013-12-11,33,27
345,USW00094728,2013-12-12,30,23
346,USW00094728,2013-12-13,35,23
347,USW00094728,2013-12-14,34,22
348,USW00094728,2013-12-15,40,30
349,USW00094728,2013-12-16,33,25
350,USW00094728,2013-12-17,32,24
351,USW00094728,2013-12-18,37,23
352,USW00094728,2013-12-19,47,30
353,USW00094728,2013-12-20,53,41
354,USW00094728,2013-12-21,65,51
355,USW00094728,2013-12-22,71,61
356,USW00094728,2013-12-23,64,42
357,USW00094728,2013-12-24,42,26
358,USW00094728,2013-12-25,31,19
359,USW00094728,2013-12-26,36,30
360,USW00094728,2013-12-27,40,31
361,USW00094728,2013-12-28,55,36
362,USW00094728,2013-12-29,48,41
363,USW00094728,2013-12-30,45,23
364,USW00094728,2013-12-31,32,21
365,USW00094728,2014-01-01,33,24
366,USW00094728,2014-01-02,33,18
367,USW00094728,2014-01-03,18,9
368,USW00094728,2014-01-04,29,8
369,USW00094728,2014-01-05,40,27
370,USW00094728,2014-01-06,55,19
371,USW00094728,2014-01-07,19,4
372,USW00094728,2014-01-08,22,9
373,USW00094728,2014-01-09,32,22
374,USW00094728,2014-01-10,37,30
375,USW00094728,2014-01-11,58,37
376,USW00094728,2014-01-12,54,38
377,USW00094728,2014-01-13,51,37
378,USW00094728,2014-01-14,52,44
379,USW00094728,2014-01-15,47,39
380,USW00094728,2014-01-16,42,36
381,USW00094728,2014-01-17,44,33
382,USW00094728,2014-01-18,41,29
383,USW00094728,2014-01-19,38,24
384,USW00094728,2014-01-20,46,31
385,USW00094728,2014-01-21,31,11
386,USW00094728,2014-01-22,17,5
387,USW00094728,2014-01-23,20,7
388,USW00094728,2014-01-24,20,10
389,USW00094728,2014-01-25,28,19
390,USW00094728,2014-01-26,34,17
391,USW00094728,2014-01-27,44,21
392,USW00094728,2014-01-28,21,12
393,USW00094728,2014-01-29,23,14
394,USW00094728,2014-01-30,30,16
395,USW00094728,2014-01-31,39,25
396,USW00094728,2014-02-01,45,36
397,USW00094728,2014-02-02,56,39
398,USW00094728,2014-02-03,43,27
399,USW00094728,2014-02-04,35,22
400,USW00094728,2014-02-05,34,29
401,USW00094728,2014-02-06,32,21
402,USW00094728,2014-02-07,32,24
403,USW00094728,2014-02-08,29,21
404,USW00094728,2014-02-09,31,21
405,USW00094728,2014-02-10,29,21
406,USW00094728,2014-02-11,26,16
407,USW00094728,2014-02-12,25,13
408,USW00094728,2014-02-13,36,24
409,USW00094728,2014-02-14,40,31
410,USW00094728,2014-02-15,37,27
411,USW00094728,2014-02-16,30,21
412,USW00094728,2014-02-17,32,18
413,USW00094728,2014-02-18,39,26
414,USW00094728,2014-02-19,45,34
415,USW00094728,2014-02-20,51,37
416,USW00094728,2014-02-21,49,36
417,USW00094728,2014-02-22,54,40
418,USW00094728,2014-02-23,54,43
419,USW00094728,2014-02-24,44,27
420,USW00094728,2014-02-25,33,24
421,USW00094728,2014-02-26,31,20
422,USW00094728,2014-02-27,34,14
423,USW00094728,2014-02-28,24,9
424,USW00094728,2014-03-01,37,20
425,USW00094728,2014-03-02,40,32
426,USW00094728,2014-03-03,32,17
427,USW00094728,2014-03-04,29,13
428,USW00094728,2014-03-05,39,26
429,USW00094728,2014-03-06,31,16
430,USW00094728,2014-03-07,37,26
431,USW00094728,2014-03-08,57,35
432,USW00094728,2014-03-09,44,36
433,USW00094728,2014-03-10,51,36
434,USW00094728,2014-03-11,66,45
435,USW00094728,2014-03-12,56,32
436,USW00094728,2014-03-13,32,18
437,USW00094728,2014-03-14,46,22
438,USW00094728,2014-03-15,58,42
439,USW00094728,2014-03-16,42,30
440,USW00094728,2014-03-17,35,23
441,USW00094728,2014-03-18,43,28
442,USW00094728,2014-03-19,46,32
443,USW00094728,2014-03-20,54,40
444,USW00094728,2014-03-21,51,39
445,USW00094728,2014-03-22,63,41
446,USW00094728,2014-03-23,42,27
447,USW00094728,2014-03-24,35,21
448,USW00094728,2014-03-25,39,26
449,USW00094728,2014-03-26,36,24
450,USW00094728,2014-03-27,44,22
451,USW00094728,2014-03-28,62,37
452,USW00094728,2014-03-29,59,43
453,USW00094728,2014-03-30,49,39
454,USW00094728,2014-03-31,56,36
455,USW00094728,2014-04-01,60,39
456,USW00094728,2014-04-02,54,42
457,USW00094728,2014-04-03,67,46
458,USW00094728,2014-04-04,47,40
459,USW00094728,2014-04-05,54,40
460,USW00094728,2014-04-06,61,36
461,USW00094728,2014-04-07,53,43
462,USW00094728,2014-04-08,64,46
463,USW00094728,2014-04-09,61,45
464,USW00094728,2014-04-10,58,42
465,USW00094728,2014-04-11,75,56
466,USW00094728,2014-04-12,73,50
467,USW00094728,2014-04-13,77,54
468,USW00094728,2014-04-14,75,59
469,USW00094728,2014-04-15,63,33
470,USW00094728,2014-04-16,49,31
471,USW00094728,2014-04-17,48,36
472,USW00094728,2014-04-18,49,35
473,USW00094728,2014-04-19,68,41
474,USW00094728,2014-04-20,60,45
475,USW00094728,2014-04-21,67,41
476,USW00094728,2014-04-22,71,51
477,USW00094728,2014-04-23,61,44
478,USW00094728,2014-04-24,62,42
479,USW00094728,2014-04-25,63,44
480,USW00094728,2014-04-26,67,46
481,USW00094728,2014-04-27,59,47
482,USW00094728,2014-04-28,67,45
483,USW00094728,2014-04-29,52,43
484,USW00094728,2014-04-30,52,41
485,USW00094728,2014-05-01,78,51
486,USW00094728,2014-05-02,70,56
487,USW00094728,2014-05-03,71,54
488,USW00094728,2014-05-04,65,54
489,USW00094728,2014-05-05,70,50
490,USW00094728,2014-05-06,71,52
491,USW00094728,2014-05-07,69,50
492,USW00094728,2014-05-08,59,53
493,USW00094728,2014-05-09,63,55
494,USW00094728,2014-05-10,83,57
495,USW00094728,2014-05-11,82,60
496,USW00094728,2014-05-12,85,64
497,USW00094728,2014-05-13,73,53
498,USW00094728,2014-05-14,71,52
499,USW00094728,2014-05-15,71,58
500,USW00094728,2014-05-16,68,58
501,USW00094728,2014-05-17,70,53
502,USW00094728,2014-05-18,67,51
503,USW00094728,2014-05-19,72,49
504,USW00094728,2014-05-20,78,53
505,USW00094728,2014-05-21,74,63
506,USW00094728,2014-05-22,67,59
507,USW00094728,2014-05-23,71,56
508,USW00094728,2014-05-24,70,57
509,USW00094728,2014-05-25,80,55
510,USW00094728,2014-05-26,86,66
511,USW00094728,2014-05-27,86,64
512,USW00094728,2014-05-28,64,54
513,USW00094728,2014-05-29,66,51
514,USW00094728,2014-05-30,75,55
515,USW00094728,2014-05-31,73,57
516,USW00094728,2014-06-01,77,55
517,USW00094728,2014-06-02,80,59
518,USW00094728,2014-06-03,87,65
519,USW00094728,2014-06-04,82,63
520,USW00094728,2014-06-05,76,61
521,USW00094728,2014-06-06,76,61
522,USW00094728,2014-06-07,82,60
523,USW00094728,2014-06-08,86,66
524,USW00094728,2014-06-09,73,63
525,USW00094728,2014-06-10,77,65
526,USW00094728,2014-06-11,70,61
527,USW00094728,2014-06-12,73,60
528,USW00094728,2014-06-13,79,65
529,USW00094728,2014-06-14,74,60
530,USW00094728,2014-06-15,80,59
531,USW00094728,2014-06-16,81,63
532,USW00094728,2014-06-17,89,71
533,USW00094728,2014-06-18,89,76
534,USW00094728,2014-06-19,77,68
535,USW00094728,2014-06-20,79,64
536,USW00094728,2014-06-21,78,62
537,USW00094728,2014-06-22,79,64
538,USW00094728,2014-06-23,81,65
539,USW00094728,2014-06-24,81,68
540,USW00094728,2014-06-25,85,70
541,USW00094728,2014-06-26,85,70
542,USW00094728,2014-06-27,83,67
543,USW00094728,2014-06-28,87,66
544,USW00094728,2014-06-29,83,68
545,USW00094728,2014-06-30,84,69
546,USW00094728,2014-07-01,89,72
547,USW00094728,2014-07-02,91,72
548,USW00094728,2014-07-03,87,69
549,USW00094728,2014-07-04,74,65
550,USW00094728,2014-07-05,81,63
551,USW00094728,2014-07-06,84,66
552,USW00094728,2014-07-07,90,72
553,USW00094728,2014-07-08,91,71
554,USW00094728,2014-07-09,88,71
555,USW00094728,2014-07-10,83,72
556,USW00094728,2014-07-11,86,71
557,USW00094728,2014-07-12,85,71
558,USW00094728,2014-07-13,83,72
559,USW00094728,2014-07-14,84,72
560,USW00094728,2014-07-15,86,72
561,USW00094728,2014-07-16,81,68
562,USW00094728,2014-07-17,81,67
563,USW00094728,2014-07-18,81,64
564,USW00094728,2014-07-19,76,68
565,USW00094728,2014-07-20,80,66
566,USW00094728,2014-07-21,85,67
567,USW00094728,2014-07-22,86,71
568,USW00094728,2014-07-23,88,72
569,USW00094728,2014-07-24,80,70
570,USW00094728,2014-07-25,82,66
571,USW00094728,2014-07-26,81,69
572,USW00094728,2014-07-27,85,71
573,USW00094728,2014-07-28,82,68
574,USW00094728,2014-07-29,76,64
575,USW00094728,2014-07-30,80,63
576,USW00094728,2014-07-31,82,68
577,USW00094728,2014-08-01,84,71
578,USW00094728,2014-08-02,74,63
579,USW00094728,2014-08-03,76,66
580,USW00094728,2014-08-04,84,70
581,USW00094728,2014-08-05,90,71
582,USW00094728,2014-08-06,83,70
583,USW00094728,2014-08-07,83,66
584,USW00094728,2014-08-08,83,65
585,USW00094728,2014-08-09,87,66
586,USW00094728,2014-08-10,88,68
587,USW00094728,2014-08-11,87,71
588,USW00094728,2014-08-12,79,70
589,USW00094728,2014-08-13,82,68
590,USW00094728,2014-08-14,77,63
591,USW00094728,2014-08-15,73,61
592,USW00094728,2014-08-16,78,63
593,USW00094728,2014-08-17,82,66
594,USW00094728,2014-08-18,81,63
595,USW00094728,2014-08-19,83,63
596,USW00094728,2014-08-20,84,70
597,USW00094728,2014-08-21,83,65
598,USW00094728,2014-08-22,79,65
599,USW00094728,2014-08-23,77,67
600,USW00094728,2014-08-24,80,64
601,USW00094728,2014-08-25,88,64
602,USW00094728,2014-08-26,89,70
603,USW00094728,2014-08-27,90,70
604,USW00094728,2014-08-28,82,66
605,USW00094728,2014-08-29,80,61
606,USW00094728,2014-08-30,80,65
607,USW00094728,2014-08-31,90,73
608,USW00094728,2014-09-01,88,75
609,USW00094728,2014-09-02,92,77
610,USW00094728,2014-09-03,86,72
611,USW00094728,2014-09-04,87,69
612,USW00094728,2014-09-05,87,72
613,USW00094728,2014-09-06,91,67
614,USW00094728,2014-09-07,81,65
615,USW00094728,2014-09-08,75,65
616,USW00094728,2014-09-09,73,63
617,USW00094728,2014-09-10,80,63
618,USW00094728,2014-09-11,83,69
619,USW00094728,2014-09-12,78,62
620,USW00094728,2014-09-13,69,58
621,USW00094728,2014-09-14,71,53
622,USW00094728,2014-09-15,71,55
623,USW00094728,2014-09-16,70,58
624,USW00094728,2014-09-17,73,55
625,USW00094728,2014-09-18,76,57
626,USW00094728,2014-09-19,66,54
627,USW00094728,2014-09-20,75,57
628,USW00094728,2014-09-21,75,67
629,USW00094728,2014-09-22,71,55
630,USW00094728,2014-09-23,71,52
631,USW00094728,2014-09-24,71,58
632,USW00094728,2014-09-25,64,57
633,USW00094728,2014-09-26,77,58
634,USW00094728,2014-09-27,83,60
635,USW00094728,2014-09-28,84,64
636,USW00094728,2014-09-29,79,67
637,USW00094728,2014-09-30,71,62
638,USW00094728,2014-10-01,65,61
639,USW00094728,2014-10-02,70,61
640,USW00094728,2014-10-03,71,56
641,USW00094728,2014-10-04,69,52
642,USW00094728,2014-10-05,61,46
643,USW00094728,2014-10-06,69,50
644,USW00094728,2014-10-07,71,63
645,USW00094728,2014-10-08,73,62
646,USW00094728,2014-10-09,68,55
647,USW00094728,2014-10-10,64,52
648,USW00094728,2014-10-11,60,50
649,USW00094728,2014-10-12,63,48
650,USW00094728,2014-10-13,65,52
651,USW00094728,2014-10-14,76,63
652,USW00094728,2014-10-15,77,69
653,USW00094728,2014-10-16,71,61
654,USW00094728,2014-10-17,71,59
655,USW00094728,2014-10-18,70,56
656,USW00094728,2014-10-19,56,44
657,USW00094728,2014-10-20,60,42
658,USW00094728,2014-10-21,67,55
659,USW00094728,2014-10-22,58,50
660,USW00094728,2014-10-23,53,50
661,USW00094728,2014-10-24,63,51
662,USW00094728,2014-10-25,67,50
663,USW00094728,2014-10-26,63,53
664,USW00094728,2014-10-27,63,48
665,USW00094728,2014-10-28,72,53
666,USW00094728,2014-10-29,72,51
667,USW00094728,2014-10-30,59,47
668,USW00094728,2014-10-31,55,45
669,USW00094728,2014-11-01,47,42
670,USW00094728,2014-11-02,48,41
671,USW00094728,2014-11-03,61,39
672,USW00094728,2014-11-04,68,53
673,USW00094728,2014-11-05,64,56
674,USW00094728,2014-11-06,57,48
675,USW00094728,2014-11-07,53,40
676,USW00094728,2014-11-08,48,36
677,USW00094728,2014-11-09,57,46
678,USW00094728,2014-11-10,61,44
679,USW00094728,2014-11-11,64,49
680,USW00094728,2014-11-12,65,47
681,USW00094728,2014-11-13,48,36
682,USW00094728,2014-11-14,42,35
683,USW00094728,2014-11-15,42,33
684,USW00094728,2014-11-16,45,35
685,USW00094728,2014-11-17,52,40
686,USW00094728,2014-11-18,45,24
687,USW00094728,2014-11-19,36,22
688,USW00094728,2014-11-20,45,31
689,USW00094728,2014-11-21,37,28
690,USW00094728,2014-11-22,44,28
691,USW00094728,2014-11-23,57,43
692,USW00094728,2014-11-24,69,53
693,USW00094728,2014-11-25,68,51
694,USW00094728,2014-11-26,51,34
695,USW00094728,2014-11-27,38,34
696,USW00094728,2014-11-28,37,29
697,USW00094728,2014-11-29,45,27
698,USW00094728,2014-11-30,55,45
699,USW00094728,2014-12-01,65,42
700,USW00094728,2014-12-02,43,35
701,USW00094728,2014-12-03,46,41
702,USW00094728,2014-12-04,45,37
703,USW00094728,2014-12-05,44,34
704,USW00094728,2014-12-06,50,39
705,USW00094728,2014-12-07,42,30
706,USW00094728,2014-12-08,37,24
707,USW00094728,2014-12-09,42,36
708,USW00094728,2014-12-10,40,32
709,USW00094728,2014-12-11,38,31
710,USW00094728,2014-12-12,38,32
711,USW00094728,2014-12-13,44,34
712,USW00094728,2014-12-14,46,38
713,USW00094728,2014-12-15,48,37
714,USW00094728,2014-12-16,49,38
715,USW00094728,2014-12-17,54,42
716,USW00094728,2014-12-18,42,37
717,USW00094728,2014-12-19,38,31
718,USW00094728,2014-12-20,33,30
719,USW00094728,2014-12-21,36,31
720,USW00094728,2014-12-22,44,35
721,USW00094728,2014-12-23,46,43
722,USW00094728,2014-12-24,58,44
723,USW00094728,2014-12-25,62,44
724,USW00094728,2014-12-26,50,40
725,USW00094728,2014-12-27,55,44
726,USW00094728,2014-12-28,54,43
727,USW00094728,2014-12-29,44,34
728,USW00094728,2014-12-30,34,28
729,USW00094728,2014-12-31,32,27
730,USW00094728,2015-01-01,39,27
731,USW00094728,2015-01-02,42,35
732,USW00094728,2015-01-03,42,33
733,USW00094728,2015-01-04,56,41
734,USW00094728,2015-01-05,49,21
735,USW00094728,2015-01-06,22,19
736,USW00094728,2015-01-07,23,9
737,USW00094728,2015-01-08,21,8
738,USW00094728,2015-01-09,33,19
739,USW00094728,2015-01-10,23,16
740,USW00094728,2015-01-11,37,18
741,USW00094728,2015-01-12,39,35
742,USW00094728,2015-01-13,36,17
743,USW00094728,2015-01-14,32,16
744,USW00094728,2015-01-15,35,25
745,USW00094728,2015-01-16,43,20
746,USW00094728,2015-01-17,32,17
747,USW00094728,2015-01-18,42,31
748,USW00094728,2015-01-19,42,36
749,USW00094728,2015-01-20,40,32
750,USW00094728,2015-01-21,36,25
751,USW00094728,2015-01-22,40,31
752,USW00094728,2015-01-23,39,28
753,USW00094728,2015-01-24,39,33
754,USW00094728,2015-01-25,42,31
755,USW00094728,2015-01-26,31,22
756,USW00094728,2015-01-27,30,20
757,USW00094728,2015-01-28,34,16
758,USW00094728,2015-01-29,36,19
759,USW00094728,2015-01-30,38,19
760,USW00094728,2015-01-31,26,13
761,USW00094728,2015-02-01,36,20
762,USW00094728,2015-02-02,34,14
763,USW00094728,2015-02-03,26,13
764,USW00094728,2015-02-04,43,24
765,USW00094728,2015-02-05,42,14
766,USW00094728,2015-02-06,27,12
767,USW00094728,2015-02-07,40,25
768,USW00094728,2015-02-08,37,29
769,USW00094728,2015-02-09,29,25
770,USW00094728,2015-02-10,40,26
771,USW00094728,2015-02-11,34,22
772,USW00094728,2015-02-12,40,16
773,USW00094728,2015-02-13,21,8
774,USW00094728,2015-02-14,32,16
775,USW00094728,2015-02-15,25,4
776,USW00094728,2015-02-16,21,3
777,USW00094728,2015-02-17,27,14
778,USW00094728,2015-02-18,33,19
779,USW00094728,2015-02-19,27,8
780,USW00094728,2015-02-20,19,2
781,USW00094728,2015-02-21,32,13
782,USW00094728,2015-02-22,43,32
783,USW00094728,2015-02-23,38,8
784,USW00094728,2015-02-24,24,4
785,USW00094728,2015-02-25,37,20
786,USW00094728,2015-02-26,32,21
787,USW00094728,2015-02-27,30,18
788,USW00094728,2015-02-28,29,13
789,USW00094728,2015-03-01,31,24
790,USW00094728,2015-03-02,39,27
791,USW00094728,2015-03-03,37,22
792,USW00094728,2015-03-04,45,35
793,USW00094728,2015-03-05,40,19
794,USW00094728,2015-03-06,27,12
795,USW00094728,2015-03-07,38,18
796,USW00094728,2015-03-08,49,37
797,USW00094728,2015-03-09,54,40
798,USW00094728,2015-03-10,53,39
799,USW00094728,2015-03-11,59,44
800,USW00094728,2015-03-12,47,36
801,USW00094728,2015-03-13,43,31
802,USW00094728,2015-03-14,51,40
803,USW00094728,2015-03-15,44,36
804,USW00094728,2015-03-16,52,35
805,USW00094728,2015-03-17,57,34
806,USW00094728,2015-03-18,39,29
807,USW00094728,2015-03-19,43,29
808,USW00094728,2015-03-20,38,29
809,USW00094728,2015-03-21,47,29
810,USW00094728,2015-03-22,43,28
811,USW00094728,2015-03-23,38,23
812,USW00094728,2015-03-24,45,26
813,USW00094728,2015-03-25,49,34
814,USW00094728,2015-03-26,62,42
815,USW00094728,2015-03-27,46,39
816,USW00094728,2015-03-28,40,26
817,USW00094728,2015-03-29,46,25
818,USW00094728,2015-03-30,54,36
819,USW00094728,2015-03-31,47,35
820,USW00094728,2015-04-01,51,32
821,USW00094728,2015-04-02,67,41
822,USW00094728,2015-04-03,64,59
823,USW00094728,2015-04-04,60,42
824,USW00094728,2015-04-05,61,42
825,USW00094728,2015-04-06,63,42
826,USW00094728,2015-04-07,62,42
827,USW00094728,2015-04-08,45,37
828,USW00094728,2015-04-09,43,37
829,USW00094728,2015-04-10,56,39
830,USW00094728,2015-04-11,57,44
831,USW00094728,2015-04-12,66,43
832,USW00094728,2015-04-13,68,50
833,USW00094728,2015-04-14,65,55
834,USW00094728,2015-04-15,72,51
835,USW00094728,2015-04-16,64,52
836,USW00094728,2015-04-17,71,55
837,USW00094728,2015-04-18,80,59
838,USW00094728,2015-04-19,64,48
839,USW00094728,2015-04-20,57,46
840,USW00094728,2015-04-21,65,52
841,USW00094728,2015-04-22,69,48
842,USW00094728,2015-04-23,52,41
843,USW00094728,2015-04-24,52,39
844,USW00094728,2015-04-25,62,38
845,USW00094728,2015-04-26,64,46
846,USW00094728,2015-04-27,62,49
847,USW00094728,2015-04-28,71,50
848,USW00094728,2015-04-29,78,50
849,USW00094728,2015-04-30,67,48
850,USW00094728,2015-05-01,63,49
851,USW00094728,2015-05-02,74,48
852,USW00094728,2015-05-03,80,51
853,USW00094728,2015-05-04,85,57
854,USW00094728,2015-05-05,85,66
855,USW00094728,2015-05-06,73,59
856,USW00094728,2015-05-07,80,56
857,USW00094728,2015-05-08,82,56
858,USW00094728,2015-05-09,70,57
859,USW00094728,2015-05-10,83,61
860,USW00094728,2015-05-11,84,70
861,USW00094728,2015-05-12,86,64
862,USW00094728,2015-05-13,70,53
863,USW00094728,2015-05-14,73,50
864,USW00094728,2015-05-15,75,55
865,USW00094728,2015-05-16,75,57
866,USW00094728,2015-05-17,83,64
867,USW00094728,2015-05-18,75,60
868,USW00094728,2015-05-19,80,59
869,USW00094728,2015-05-20,67,54
870,USW00094728,2015-05-21,62,52
871,USW00094728,2015-05-22,74,55
872,USW00094728,2015-05-23,70,49
873,USW00094728,2015-05-24,81,56
874,USW00094728,2015-05-25,85,64
875,USW00094728,2015-05-26,88,67
876,USW00094728,2015-05-27,85,70
877,USW00094728,2015-05-28,85,70
878,USW00094728,2015-05-29,85,65
879,USW00094728,2015-05-30,85,67
880,USW00094728,2015-05-31,87,57
881,USW00094728,2015-06-01,58,51
882,USW00094728,2015-06-02,55,50
883,USW00094728,2015-06-03,70,52
884,USW00094728,2015-06-04,65,54
885,USW00094728,2015-06-05,70,55
886,USW00094728,2015-06-06,76,60
887,USW00094728,2015-06-07,74,55
888,USW00094728,2015-06-08,79,63
889,USW00094728,2015-06-09,83,68
890,USW00094728,2015-06-10,82,65
891,USW00094728,2015-06-11,89,72
892,USW00094728,2015-06-12,88,73
893,USW00094728,2015-06-13,86,72
894,USW00094728,2015-06-14,88,66
895,USW00094728,2015-06-15,83,64
896,USW00094728,2015-06-16,79,65
897,USW00094728,2015-06-17,82,66
898,USW00094728,2015-06-18,71,64
899,USW00094728,2015-06-19,87,68
900,USW00094728,2015-06-20,75,64
901,USW00094728,2015-06-21,88,71
902,USW00094728,2015-06-22,87,70
903,USW00094728,2015-06-23,90,75
904,USW00094728,2015-06-24,84,68
905,USW00094728,2015-06-25,83,65
906,USW00094728,2015-06-26,81,69
907,USW00094728,2015-06-27,71,58
908,USW00094728,2015-06-28,73,62
909,USW00094728,2015-06-29,76,63
910,USW00094728,2015-06-30,82,68
911,USW00094728,2015-07-01,82,69
912,USW00094728,2015-07-02,80,69
913,USW00094728,2015-07-03,82,66
914,USW00094728,2015-07-04,75,69
915,USW00094728,2015-07-05,83,68
916,USW00094728,2015-07-06,83,72
917,USW00094728,2015-07-07,88,75
918,USW00094728,2015-07-08,88,77
919,USW00094728,2015-07-09,79,68
920,USW00094728,2015-07-10,84,72
921,USW00094728,2015-07-11,88,69
922,USW00094728,2015-07-12,89,72
923,USW00094728,2015-07-13,88,73
924,USW00094728,2015-07-14,82,73
925,USW00094728,2015-07-15,81,72
926,USW00094728,2015-07-16,80,64
927,USW00094728,2015-07-17,81,67
928,USW00094728,2015-07-18,85,71
929,USW00094728,2015-07-19,93,78
930,USW00094728,2015-07-20,94,82
931,USW00094728,2015-07-21,89,74
932,USW00094728,2015-07-22,85,69
933,USW00094728,2015-07-23,86,68
934,USW00094728,2015-07-24,87,70
935,USW00094728,2015-07-25,88,69
936,USW00094728,2015-07-26,90,74
937,USW00094728,2015-07-27,86,71
938,USW00094728,2015-07-28,95,75
939,USW00094728,2015-07-29,96,78
940,USW00094728,2015-07-30,87,76
941,USW00094728,2015-07-31,89,72
942,USW00094728,2015-08-01,89,75
943,USW00094728,2015-08-02,89,71
944,USW00094728,2015-08-03,90,75
945,USW00094728,2015-08-04,89,69
946,USW00094728,2015-08-05,87,72
947,USW00094728,2015-08-06,83,67
948,USW00094728,2015-08-07,84,69
949,USW00094728,2015-08-08,82,68
950,USW00094728,2015-08-09,85,68
951,USW00094728,2015-08-10,84,70
952,USW00094728,2015-08-11,81,71
953,USW00094728,2015-08-12,85,71
954,USW00094728,2015-08-13,83,67
955,USW00094728,2015-08-14,88,67
956,USW00094728,2015-08-15,92,73
957,USW00094728,2015-08-16,93,76
958,USW00094728,2015-08-17,95,78
959,USW00094728,2015-08-18,90,73
960,USW00094728,2015-08-19,87,77
961,USW00094728,2015-08-20,86,77
962,USW00094728,2015-08-21,87,71
963,USW00094728,2015-08-22,86,69
964,USW00094728,2015-08-23,85,70
965,USW00094728,2015-08-24,87,73
966,USW00094728,2015-08-25,90,73
967,USW00094728,2015-08-26,85,67
968,USW00094728,2015-08-27,82,67
969,USW00094728,2015-08-28,82,63
970,USW00094728,2015-08-29,87,67
971,USW00094728,2015-08-30,90,72
972,USW00094728,2015-08-31,91,76
973,USW00094728,2015-09-01,90,76
974,USW00094728,2015-09-02,91,74
975,USW00094728,2015-09-03,93,74
976,USW00094728,2015-09-04,85,72
977,USW00094728,2015-09-05,83,67
978,USW00094728,2015-09-06,87,65
979,USW00094728,2015-09-07,92,70
980,USW00094728,2015-09-08,97,76
981,USW00094728,2015-09-09,90,76
982,USW00094728,2015-09-10,79,70
983,USW00094728,2015-09-11,81,66
984,USW00094728,2015-09-12,79,69
985,USW00094728,2015-09-13,80,62
986,USW00094728,2015-09-14,77,59
987,USW00094728,2015-09-15,84,62
988,USW00094728,2015-09-16,88,66
989,USW00094728,2015-09-17,89,68
990,USW00094728,2015-09-18,87,68
991,USW00094728,2015-09-19,83,68
992,USW00094728,2015-09-20,79,64
993,USW00094728,2015-09-21,73,59
994,USW00094728,2015-09-22,71,62
995,USW00094728,2015-09-23,80,59
996,USW00094728,2015-09-24,82,60
997,USW00094728,2015-09-25,76,63
998,USW00094728,2015-09-26,72,61
999,USW00094728,2015-09-27,71,56
1000,USW00094728,2015-09-28,78,65
1001,USW00094728,2015-09-29,83,72
1002,USW00094728,2015-09-30,79,59
1003,USW00094728,2015-10-01,64,56
1004,USW00094728,2015-10-02,57,48
1005,USW00094728,2015-10-03,55,49
1006,USW00094728,2015-10-04,63,53
1007,USW00094728,2015-10-05,67,52
1008,USW00094728,2015-10-06,73,52
1009,USW00094728,2015-10-07,73,58
1010,USW00094728,2015-10-08,72,59
1011,USW00094728,2015-10-09,78,61
1012,USW00094728,2015-10-10,65,50
1013,USW00094728,2015-10-11,69,53
1014,USW00094728,2015-10-12,77,56
1015,USW00094728,2015-10-13,72,61
1016,USW00094728,2015-10-14,69,57
1017,USW00094728,2015-10-15,64,51
1018,USW00094728,2015-10-16,64,53
1019,USW00094728,2015-10-17,56,42
1020,USW00094728,2015-10-18,50,38
1021,USW00094728,2015-10-19,53,35
1022,USW00094728,2015-10-20,70,48
1023,USW00094728,2015-10-21,76,57
1024,USW00094728,2015-10-22,75,58
1025,USW00094728,2015-10-23,65,45
1026,USW00094728,2015-10-24,57,40
1027,USW00094728,2015-10-25,68,48
1028,USW00094728,2015-10-26,58,46
1029,USW00094728,2015-10-27,59,45
1030,USW00094728,2015-10-28,69,53
1031,USW00094728,2015-10-29,73,57
1032,USW00094728,2015-10-30,61,48
1033,USW00094728,2015-10-31,56,42
1034,USW00094728,2015-11-01,65,54
1035,USW00094728,2015-11-02,63,54
1036,USW00094728,2015-11-03,72,48
1037,USW00094728,2015-11-04,70,56
1038,USW00094728,2015-11-05,71,56
1039,USW00094728,2015-11-06,74,66
1040,USW00094728,2015-11-07,72,53
1041,USW00094728,2015-11-08,56,46
1042,USW00094728,2015-11-09,59,43
1043,USW00094728,2015-11-10,57,51
1044,USW00094728,2015-11-11,58,49
1045,USW00094728,2015-11-12,61,51
1046,USW00094728,2015-11-13,58,46
1047,USW00094728,2015-11-14,49,42
1048,USW00094728,2015-11-15,58,39
1049,USW00094728,2015-11-16,67,51
1050,USW00094728,2015-11-17,52,40
1051,USW00094728,2015-11-18,58,46
1052,USW00094728,2015-11-19,64,57
1053,USW00094728,2015-11-20,64,46
1054,USW00094728,2015-11-21,53,42
1055,USW00094728,2015-11-22,55,42
1056,USW00094728,2015-11-23,44,33
1057,USW00094728,2015-11-24,46,32
1058,USW00094728,2015-11-25,50,36
1059,USW00094728,2015-11-26,60,41
1060,USW00094728,2015-11-27,64,51
1061,USW00094728,2015-11-28,64,45
1062,USW00094728,2015-11-29,49,38
1063,USW00094728,2015-11-30,47,33
1064,USW00094728,2015-12-01,51,44
1065,USW00094728,2015-12-02,57,46
1066,USW00094728,2015-12-03,55,44
1067,USW00094728,2015-12-04,51,42
1068,USW00094728,2015-12-05,51,40
1069,USW00094728,2015-12-06,53,39
1070,USW00094728,2015-12-07,54,42
1071,USW00094728,2015-12-08,49,41
1072,USW00094728,2015-12-09,55,40
1073,USW00094728,2015-12-10,60,51
1074,USW00094728,2015-12-11,61,50
1075,USW00094728,2015-12-12,66,55
1076,USW00094728,2015-12-13,67,55
1077,USW00094728,2015-12-14,67,53
1078,USW00094728,2015-12-15,68,53
1079,USW00094728,2015-12-16,53,46
1080,USW00094728,2015-12-17,59,50
1081,USW00094728,2015-12-18,57,38
1082,USW00094728,2015-12-19,40,35
1083,USW00094728,2015-12-20,43,34
1084,USW00094728,2015-12-21,56,39
1085,USW00094728,2015-12-22,62,53
1086,USW00094728,2015-12-23,64,52
1087,USW00094728,2015-12-24,72,63
1088,USW00094728,2015-12-25,66,57
1089,USW00094728,2015-12-26,59,47
1090,USW00094728,2015-12-27,61,46
1091,USW00094728,2015-12-28,46,34
1092,USW00094728,2015-12-29,46,34
1093,USW00094728,2015-12-30,48,38
1094,USW00094728,2015-12-31,48,42
1095,USW00094728,2016-01-01,42,34
1096,USW00094728,2016-01-02,40,32
1097,USW00094728,2016-01-03,45,35
1098,USW00094728,2016-01-04,36,14
1099,USW00094728,2016-01-05,29,11
1100,USW00094728,2016-01-06,41,25
1101,USW00094728,2016-01-07,46,31
1102,USW00094728,2016-01-08,46,31
1103,USW00094728,2016-01-09,47,40
1104,USW00094728,2016-01-10,59,40
1105,USW00094728,2016-01-11,40,26
1106,USW00094728,2016-01-12,44,25
1107,USW00094728,2016-01-13,30,22
1108,USW00094728,2016-01-14,38,22
1109,USW00094728,2016-01-15,51,34
1110,USW00094728,2016-01-16,52,42
1111,USW00094728,2016-01-17,42,30
1112,USW00094728,2016-01-18,31,18
1113,USW00094728,2016-01-19,28,16
1114,USW00094728,2016-01-20,37,27
1115,USW00094728,2016-01-21,36,26
1116,USW00094728,2016-01-22,30,21
1117,USW00094728,2016-01-23,27,24
1118,USW00094728,2016-01-24,35,20
1119,USW00094728,2016-01-25,39,28
1120,USW00094728,2016-01-26,48,38
1121,USW00094728,2016-01-27,47,34
1122,USW00094728,2016-01-28,42,32
1123,USW00094728,2016-01-29,41,30
1124,USW00094728,2016-01-30,39,28
1125,USW00094728,2016-01-31,56,36
1126,USW00094728,2016-02-01,59,44
1127,USW00094728,2016-02-02,50,38
1128,USW00094728,2016-02-03,59,42
1129,USW00094728,2016-02-04,59,44
1130,USW00094728,2016-02-05,44,31
1131,USW00094728,2016-02-06,40,30
1132,USW00094728,2016-02-07,47,33
1133,USW00094728,2016-02-08,39,28
1134,USW00094728,2016-02-09,36,27
1135,USW00094728,2016-02-10,39,31
1136,USW00094728,2016-02-11,31,18
1137,USW00094728,2016-02-12,27,15
1138,USW00094728,2016-02-13,22,6
1139,USW00094728,2016-02-14,15,-1
1140,USW00094728,2016-02-15,35,13
1141,USW00094728,2016-02-16,54,35
1142,USW00094728,2016-02-17,39,35
1143,USW00094728,2016-02-18,36,27
1144,USW00094728,2016-02-19,39,24
1145,USW00094728,2016-02-20,61,39
1146,USW00094728,2016-02-21,55,44
1147,USW00094728,2016-02-22,52,38
1148,USW00094728,2016-02-23,40,35
1149,USW00094728,2016-02-24,60,36
1150,USW00094728,2016-02-25,61,37
1151,USW00094728,2016-02-26,39,27
1152,USW00094728,2016-02-27,41,26
1153,USW00094728,2016-02-28,60,38
1154,USW00094728,2016-02-29,61,47
1155,USW00094728,2016-03-01,52,39
1156,USW00094728,2016-03-02,55,29
1157,USW00094728,2016-03-03,36,26
1158,USW00094728,2016-03-04,39,30
1159,USW00094728,2016-03-05,41,28
1160,USW00094728,2016-03-06,44,32
1161,USW00094728,2016-03-07,60,36
1162,USW00094728,2016-03-08,67,47
1163,USW00094728,2016-03-09,77,44
1164,USW00094728,2016-03-10,79,63
1165,USW00094728,2016-03-11,68,48
1166,USW00094728,2016-03-12,59,40
1167,USW00094728,2016-03-13,62,50
1168,USW00094728,2016-03-14,51,40
1169,USW00094728,2016-03-15,57,44
1170,USW00094728,2016-03-16,65,48
1171,USW00094728,2016-03-17,63,45
1172,USW00094728,2016-03-18,57,42
1173,USW00094728,2016-03-19,46,36
1174,USW00094728,2016-03-20,43,32
1175,USW00094728,2016-03-21,50,32
1176,USW00094728,2016-03-22,56,35
1177,USW00094728,2016-03-23,71,48
1178,USW00094728,2016-03-24,55,44
1179,USW00094728,2016-03-25,72,44
1180,USW00094728,2016-03-26,55,38
1181,USW00094728,2016-03-27,55,43
1182,USW00094728,2016-03-28,62,42
1183,USW00094728,2016-03-29,53,40
1184,USW00094728,2016-03-30,56,37
1185,USW00094728,2016-03-31,73,49
1186,USW00094728,2016-04-01,79,61
1187,USW00094728,2016-04-02,61,49
1188,USW00094728,2016-04-03,50,34
1189,USW00094728,2016-04-04,45,29
1190,USW00094728,2016-04-05,43,26
1191,USW00094728,2016-04-06,48,30
1192,USW00094728,2016-04-07,58,48
1193,USW00094728,2016-04-08,50,40
1194,USW00094728,2016-04-09,43,36
1195,USW00094728,2016-04-10,50,31
1196,USW00094728,2016-04-11,65,43
1197,USW00094728,2016-04-12,59,45
1198,USW00094728,2016-04-13,58,40
1199,USW00094728,2016-04-14,62,43
1200,USW00094728,2016-04-15,65,42
1201,USW00094728,2016-04-16,68,43
1202,USW00094728,2016-04-17,75,44
1203,USW00094728,2016-04-18,82,51
1204,USW00094728,2016-04-19,73,55
1205,USW00094728,2016-04-20,69,49
1206,USW00094728,2016-04-21,73,49
1207,USW00094728,2016-04-22,79,62
1208,USW00094728,2016-04-23,71,54
1209,USW00094728,2016-04-24,68,47
1210,USW00094728,2016-04-25,69,50
1211,USW00094728,2016-04-26,60,47
1212,USW00094728,2016-04-27,62,46
1213,USW00094728,2016-04-28,59,48
1214,USW00094728,2016-04-29,58,45
1215,USW00094728,2016-04-30,65,46
1216,USW00094728,2016-05-01,51,45
1217,USW00094728,2016-05-02,60,45
1218,USW00094728,2016-05-03,56,51
1219,USW00094728,2016-05-04,52,48
1220,USW00094728,2016-05-05,57,46
1221,USW00094728,2016-05-06,54,48
1222,USW00094728,2016-05-07,60,48
1223,USW00094728,2016-05-08,66,49
1224,USW00094728,2016-05-09,72,52
1225,USW00094728,2016-05-10,63,50
1226,USW00094728,2016-05-11,76,50
1227,USW00094728,2016-05-12,80,56
1228,USW00094728,2016-05-13,65,57
1229,USW00094728,2016-05-14,73,56
1230,USW00094728,2016-05-15,59,46
1231,USW00094728,2016-05-16,66,43
1232,USW00094728,2016-05-17,64,52
1233,USW00094728,2016-05-18,68,52
1234,USW00094728,2016-05-19,73,54
1235,USW00094728,2016-05-20,76,53
1236,USW00094728,2016-05-21,66,54
1237,USW00094728,2016-05-22,70,52
1238,USW00094728,2016-05-23,78,56
1239,USW00094728,2016-05-24,73,58
1240,USW00094728,2016-05-25,88,61
1241,USW00094728,2016-05-26,90,69
1242,USW00094728,2016-05-27,87,73
1243,USW00094728,2016-05-28,92,71
1244,USW00094728,2016-05-29,87,70
1245,USW00094728,2016-05-30,82,68
1246,USW00094728,2016-05-31,85,71
1247,USW00094728,2016-06-01,83,66
1248,USW00094728,2016-06-02,78,62
1249,USW00094728,2016-06-03,70,63
1250,USW00094728,2016-06-04,83,66
1251,USW00094728,2016-06-05,71,65
1252,USW00094728,2016-06-06,83,65
1253,USW00094728,2016-06-07,85,64
1254,USW00094728,2016-06-08,67,52
1255,USW00094728,2016-06-09,71,54
1256,USW00094728,2016-06-10,77,57
1257,USW00094728,2016-06-11,88,59
1258,USW00094728,2016-06-12,83,62
1259,USW00094728,2016-06-13,74,57
1260,USW00094728,2016-06-14,79,58
1261,USW00094728,2016-06-15,85,62
1262,USW00094728,2016-06-16,74,65
1263,USW00094728,2016-06-17,78,63
1264,USW00094728,2016-06-18,87,61
1265,USW00094728,2016-06-19,88,66
1266,USW00094728,2016-06-20,84,64
1267,USW00094728,2016-06-21,87,72
1268,USW00094728,2016-06-22,86,68
1269,USW00094728,2016-06-23,83,69
1270,USW00094728,2016-06-24,84,67
1271,USW00094728,2016-06-25,86,64
1272,USW00094728,2016-06-26,87,67
1273,USW00094728,2016-06-27,83,67
1274,USW00094728,2016-06-28,76,68
1275,USW00094728,2016-06-29,83,67
1276,USW00094728,2016-06-30,85,67
1277,USW00094728,2016-07-01,79,66
1278,USW00094728,2016-07-02,76,63
1279,USW00094728,2016-07-03,78,64
1280,USW00094728,2016-07-04,84,66
1281,USW00094728,2016-07-05,86,69
1282,USW00094728,2016-07-06,91,75
1283,USW00094728,2016-07-07,89,77
1284,USW00094728,2016-07-08,86,67
1285,USW00094728,2016-07-09,72,65
1286,USW00094728,2016-07-10,80,66
1287,USW00094728,2016-07-11,81,65
1288,USW00094728,2016-07-12,82,68
1289,USW00094728,2016-07-13,85,71
1290,USW00094728,2016-07-14,88,73
1291,USW00094728,2016-07-15,88,79
1292,USW00094728,2016-07-16,90,75
1293,USW00094728,2016-07-17,89,75
1294,USW00094728,2016-07-18,93,72
1295,USW00094728,2016-07-19,83,73
1296,USW00094728,2016-07-20,85,68
1297,USW00094728,2016-07-21,90,71
1298,USW00094728,2016-07-22,94,74
1299,USW00094728,2016-07-23,96,80
1300,USW00094728,2016-07-24,94,75
1301,USW00094728,2016-07-25,93,73
1302,USW00094728,2016-07-26,89,72
1303,USW00094728,2016-07-27,91,74
1304,USW00094728,2016-07-28,95,75
1305,USW00094728,2016-07-29,85,69
1306,USW00094728,2016-07-30,84,73
1307,USW00094728,2016-07-31,78,71
1308,USW00094728,2016-08-01,80,69
1309,USW00094728,2016-08-02,79,68
1310,USW00094728,2016-08-03,80,66
1311,USW00094728,2016-08-04,81,67
1312,USW00094728,2016-08-05,83,69
1313,USW00094728,2016-08-06,87,72
1314,USW00094728,2016-08-07,86,70
1315,USW00094728,2016-08-08,86,71
1316,USW00094728,2016-08-09,87,71
1317,USW00094728,2016-08-10,86,75
1318,USW00094728,2016-08-11,91,74
1319,USW00094728,2016-08-12,93,73
1320,USW00094728,2016-08-13,96,81
1321,USW00094728,2016-08-14,94,78
1322,USW00094728,2016-08-15,92,77
1323,USW00094728,2016-08-16,87,78
1324,USW00094728,2016-08-17,85,77
1325,USW00094728,2016-08-18,85,72
1326,USW00094728,2016-08-19,88,74
1327,USW00094728,2016-08-20,83,70
1328,USW00094728,2016-08-21,86,73
1329,USW00094728,2016-08-22,79,65
1330,USW00094728,2016-08-23,82,61
1331,USW00094728,2016-08-24,88,68
1332,USW00094728,2016-08-25,86,69
1333,USW00094728,2016-08-26,90,75
1334,USW00094728,2016-08-27,89,73
1335,USW00094728,2016-08-28,89,72
1336,USW00094728,2016-08-29,91,74
1337,USW00094728,2016-08-30,86,69
1338,USW00094728,2016-08-31,89,74
1339,USW00094728,2016-09-01,79,69
1340,USW00094728,2016-09-02,81,66
1341,USW00094728,2016-09-03,75,66
1342,USW00094728,2016-09-04,80,65
1343,USW00094728,2016-09-05,84,65
1344,USW00094728,2016-09-06,80,71
1345,USW00094728,2016-09-07,85,71
1346,USW00094728,2016-09-08,89,71
1347,USW00094728,2016-09-09,91,75
1348,USW00094728,2016-09-10,90,74
1349,USW00094728,2016-09-11,83,67
1350,USW00094728,2016-09-12,78,62
1351,USW00094728,2016-09-13,83,64
1352,USW00094728,2016-09-14,91,67
1353,USW00094728,2016-09-15,74,61
1354,USW00094728,2016-09-16,73,61
1355,USW00094728,2016-09-17,77,59
1356,USW00094728,2016-09-18,82,70
1357,USW00094728,2016-09-19,76,69
1358,USW00094728,2016-09-20,82,68
1359,USW00094728,2016-09-21,84,68
1360,USW00094728,2016-09-22,86,65
1361,USW00094728,2016-09-23,87,64
1362,USW00094728,2016-09-24,71,58
1363,USW00094728,2016-09-25,70,54
1364,USW00094728,2016-09-26,74,54
1365,USW00094728,2016-09-27,74,64
1366,USW00094728,2016-09-28,69,56
1367,USW00094728,2016-09-29,64,57
1368,USW00094728,2016-09-30,59,56
1369,USW00094728,2016-10-01,62,56
1370,USW00094728,2016-10-02,63,57
1371,USW00094728,2016-10-03,72,60
1372,USW00094728,2016-10-04,69,60
1373,USW00094728,2016-10-05,67,53
1374,USW00094728,2016-10-06,73,55
1375,USW00094728,2016-10-07,75,57
1376,USW00094728,2016-10-08,68,58
1377,USW00094728,2016-10-09,65,51
1378,USW00094728,2016-10-10,64,47
1379,USW00094728,2016-10-11,63,46
1380,USW00094728,2016-10-12,66,53
1381,USW00094728,2016-10-13,67,53
1382,USW00094728,2016-10-14,62,47
1383,USW00094728,2016-10-15,65,45
1384,USW00094728,2016-10-16,69,53
1385,USW00094728,2016-10-17,81,63
1386,USW00094728,2016-10-18,81,67
1387,USW00094728,2016-10-19,85,65
1388,USW00094728,2016-10-20,70,62
1389,USW00094728,2016-10-21,69,57
1390,USW00094728,2016-10-22,57,47
1391,USW00094728,2016-10-23,61,45
1392,USW00094728,2016-10-24,62,47
1393,USW00094728,2016-10-25,52,43
1394,USW00094728,2016-10-26,51,38
1395,USW00094728,2016-10-27,55,40
1396,USW00094728,2016-10-28,51,42
1397,USW00094728,2016-10-29,64,39
1398,USW00094728,2016-10-30,76,54
1399,USW00094728,2016-10-31,54,44
1400,USW00094728,2016-11-01,58,40
1401,USW00094728,2016-11-02,70,54
1402,USW00094728,2016-11-03,72,57
1403,USW00094728,2016-11-04,61,47
1404,USW00094728,2016-11-05,62,44
1405,USW00094728,2016-11-06,59,45
1406,USW00094728,2016-11-07,53,41
1407,USW00094728,2016-11-08,66,41
1408,USW00094728,2016-11-09,59,49
1409,USW00094728,2016-11-10,56,40
1410,USW00094728,2016-11-11,63,41
1411,USW00094728,2016-11-12,50,37
1412,USW00094728,2016-11-13,61,41
1413,USW00094728,2016-11-14,62,46
1414,USW00094728,2016-11-15,56,47
1415,USW00094728,2016-11-16,61,45
1416,USW00094728,2016-11-17,61,49
1417,USW00094728,2016-11-18,64,44
1418,USW00094728,2016-11-19,63,37
1419,USW00094728,2016-11-20,42,34
1420,USW00094728,2016-11-21,41,36
1421,USW00094728,2016-11-22,41,37
1422,USW00094728,2016-11-23,45,35
1423,USW00094728,2016-11-24,48,38
1424,USW00094728,2016-11-25,54,45
1425,USW00094728,2016-11-26,50,40
1426,USW00094728,2016-11-27,50,39
1427,USW00094728,2016-11-28,52,38
1428,USW00094728,2016-11-29,60,51
1429,USW00094728,2016-11-30,58,50
1430,USW00094728,2016-12-01,54,42
1431,USW00094728,2016-12-02,51,40
1432,USW00094728,2016-12-03,47,41
1433,USW00094728,2016-12-04,47,39
1434,USW00094728,2016-12-05,49,38
1435,USW00094728,2016-12-06,46,37
1436,USW00094728,2016-12-07,46,40
1437,USW00094728,2016-12-08,45,35
1438,USW00094728,2016-12-09,39,29
1439,USW00094728,2016-12-10,35,28
1440,USW00094728,2016-12-11,35,28
1441,USW00094728,2016-12-12,46,34
1442,USW00094728,2016-12-13,43,35
1443,USW00094728,2016-12-14,42,34
1444,USW00094728,2016-12-15,34,19
1445,USW00094728,2016-12-16,27,17
1446,USW00094728,2016-12-17,39,24
1447,USW00094728,2016-12-18,58,31
1448,USW00094728,2016-12-19,31,23
1449,USW00094728,2016-12-20,33,20
1450,USW00094728,2016-12-21,40,30
1451,USW00094728,2016-12-22,49,37
1452,USW00094728,2016-12-23,47,38
1453,USW00094728,2016-12-24,47,38
1454,USW00094728,2016-12-25,50,36
1455,USW00094728,2016-12-26,50,33
1456,USW00094728,2016-12-27,60,40
1457,USW00094728,2016-12-28,40,34
1458,USW00094728,2016-12-29,46,33
1459,USW00094728,2016-12-30,40,33
1460,USW00094728,2016-12-31,44,31
1461,USW00094728,2017-01-01,48,40
1462,USW00094728,2017-01-02,41,37
1463,USW00094728,2017-01-03,43,39
1464,USW00094728,2017-01-04,52,34
1465,USW00094728,2017-01-05,34,27
1466,USW00094728,2017-01-06,33,25
1467,USW00094728,2017-01-07,26,20
1468,USW00094728,2017-01-08,25,16
1469,USW00094728,2017-01-09,23,14
1470,USW00094728,2017-01-10,46,21
1471,USW00094728,2017-01-11,52,42
1472,USW00094728,2017-01-12,66,47
1473,USW00094728,2017-01-13,62,32
1474,USW00094728,2017-01-14,34,28
1475,USW00094728,2017-01-15,38,30
1476,USW00094728,2017-01-16,43,30
1477,USW00094728,2017-01-17,42,38
1478,USW00094728,2017-01-18,41,38
1479,USW00094728,2017-01-19,49,39
1480,USW00094728,2017-01-20,45,40
1481,USW00094728,2017-01-21,49,41
1482,USW00094728,2017-01-22,48,43
1483,USW00094728,2017-01-23,44,36
1484,USW00094728,2017-01-24,38,35
1485,USW00094728,2017-01-25,51,36
1486,USW00094728,2017-01-26,56,43
1487,USW00094728,2017-01-27,43,36
1488,USW00094728,2017-01-28,39,34
1489,USW00094728,2017-01-29,43,35
1490,USW00094728,2017-01-30,37,30
1491,USW00094728,2017-01-31,34,26
1492,USW00094728,2017-02-01,47,33
1493,USW00094728,2017-02-02,45,32
1494,USW00094728,2017-02-03,33,26
1495,USW00094728,2017-02-04,34,22
1496,USW00094728,2017-02-05,43,31
1497,USW00094728,2017-02-06,49,36
1498,USW00094728,2017-02-07,42,36
1499,USW00094728,2017-02-08,62,38
1500,USW00094728,2017-02-09,44,19
1501,USW00094728,2017-02-10,32,19
1502,USW00094728,2017-02-11,48,30
1503,USW00094728,2017-02-12,40,30
1504,USW00094728,2017-02-13,39,31
1505,USW00094728,2017-02-14,41,28
1506,USW00094728,2017-02-15,47,35
1507,USW00094728,2017-02-16,35,28
1508,USW00094728,2017-02-17,41,26
1509,USW00094728,2017-02-18,63,35
1510,USW00094728,2017-02-19,65,53
1511,USW00094728,2017-02-20,55,39
1512,USW00094728,2017-02-21,47,34
1513,USW00094728,2017-02-22,57,42
1514,USW00094728,2017-02-23,65,44
1515,USW00094728,2017-02-24,70,58
1516,USW00094728,2017-02-25,63,44
1517,USW00094728,2017-02-26,44,36
1518,USW00094728,2017-02-27,54,35
1519,USW00094728,2017-02-28,59,47
1520,USW00094728,2017-03-01,70,54
1521,USW00094728,2017-03-02,64,35
1522,USW00094728,2017-03-03,39,24
1523,USW00094728,2017-03-04,30,17
1524,USW00094728,2017-03-05,37,14
1525,USW00094728,2017-03-06,45,26
1526,USW00094728,2017-03-07,56,42
1527,USW00094728,2017-03-08,59,47
1528,USW00094728,2017-03-09,61,47
1529,USW00094728,2017-03-10,47,23
1530,USW00094728,2017-03-11,29,17
1531,USW00094728,2017-03-12,29,19
1532,USW00094728,2017-03-13,36,20
1533,USW00094728,2017-03-14,32,21
1534,USW00094728,2017-03-15,26,20
1535,USW00094728,2017-03-16,39,24
1536,USW00094728,2017-03-17,47,29
1537,USW00094728,2017-03-18,39,34
1538,USW00094728,2017-03-19,47,34
1539,USW00094728,2017-03-20,52,33
1540,USW00094728,2017-03-21,59,42
1541,USW00094728,2017-03-22,50,24
1542,USW00094728,2017-03-23,42,23
1543,USW00094728,2017-03-24,57,36
1544,USW00094728,2017-03-25,62,42
1545,USW00094728,2017-03-26,42,37
1546,USW00094728,2017-03-27,53,37
1547,USW00094728,2017-03-28,46,41
1548,USW00094728,2017-03-29,60,42
1549,USW00094728,2017-03-30,52,38
1550,USW00094728,2017-03-31,43,37
1551,USW00094728,2017-04-01,48,37
1552,USW00094728,2017-04-02,63,40
1553,USW00094728,2017-04-03,63,48
1554,USW00094728,2017-04-04,51,45
1555,USW00094728,2017-04-05,65,45
1556,USW00094728,2017-04-06,53,40
1557,USW00094728,2017-04-07,51,40
1558,USW00094728,2017-04-08,57,40
1559,USW00094728,2017-04-09,67,45
1560,USW00094728,2017-04-10,74,53
1561,USW00094728,2017-04-11,80,61
1562,USW00094728,2017-04-12,76,58
1563,USW00094728,2017-04-13,65,48
1564,USW00094728,2017-04-14,66,48
1565,USW00094728,2017-04-15,65,51
1566,USW00094728,2017-04-16,87,59
1567,USW00094728,2017-04-17,74,58
1568,USW00094728,2017-04-18,65,47
1569,USW00094728,2017-04-19,54,45
1570,USW00094728,2017-04-20,66,50
1571,USW00094728,2017-04-21,53,48
1572,USW00094728,2017-04-22,57,49
1573,USW00094728,2017-04-23,66,46
1574,USW00094728,2017-04-24,60,48
1575,USW00094728,2017-04-25,54,49
1576,USW00094728,2017-04-26,60,53
1577,USW00094728,2017-04-27,70,57
1578,USW00094728,2017-04-28,85,58
1579,USW00094728,2017-04-29,85,64
1580,USW00094728,2017-04-30,67,52
1581,USW00094728,2017-05-01,74,49
1582,USW00094728,2017-05-02,75,62
1583,USW00094728,2017-05-03,65,51
1584,USW00094728,2017-05-04,64,47
1585,USW00094728,2017-05-05,59,51
1586,USW00094728,2017-05-06,67,52
1587,USW00094728,2017-05-07,56,47
1588,USW00094728,2017-05-08,57,44
1589,USW00094728,2017-05-09,63,47
1590,USW00094728,2017-05-10,63,49
1591,USW00094728,2017-05-11,62,51
1592,USW00094728,2017-05-12,65,48
1593,USW00094728,2017-05-13,53,45
1594,USW00094728,2017-05-14,67,46
1595,USW00094728,2017-05-15,68,53
1596,USW00094728,2017-05-16,79,56
1597,USW00094728,2017-05-17,90,65
1598,USW00094728,2017-05-18,92,75
1599,USW00094728,2017-05-19,91,66
1600,USW00094728,2017-05-20,65,55
1601,USW00094728,2017-05-21,69,52
1602,USW00094728,2017-05-22,61,53
1603,USW00094728,2017-05-23,69,56
1604,USW00094728,2017-05-24,69,56
1605,USW00094728,2017-05-25,59,56
1606,USW00094728,2017-05-26,73,56
1607,USW00094728,2017-05-27,71,59
1608,USW00094728,2017-05-28,71,58
1609,USW00094728,2017-05-29,61,56
1610,USW00094728,2017-05-30,60,55
1611,USW00094728,2017-05-31,75,58
1612,USW00094728,2017-06-01,79,59
1613,USW00094728,2017-06-02,76,57
1614,USW00094728,2017-06-03,73,55
1615,USW00094728,2017-06-04,70,56
1616,USW00094728,2017-06-05,67,58
1617,USW00094728,2017-06-06,58,52
1618,USW00094728,2017-06-07,67,51
1619,USW00094728,2017-06-08,69,55
1620,USW00094728,2017-06-09,80,53
1621,USW00094728,2017-06-10,85,66
1622,USW00094728,2017-06-11,90,72
1623,USW00094728,2017-06-12,93,76
1624,USW00094728,2017-06-13,94,77
1625,USW00094728,2017-06-14,84,69
1626,USW00094728,2017-06-15,76,64
1627,USW00094728,2017-06-16,68,63
1628,USW00094728,2017-06-17,74,66
1629,USW00094728,2017-06-18,85,70
1630,USW00094728,2017-06-19,88,70
1631,USW00094728,2017-06-20,83,71
1632,USW00094728,2017-06-21,83,71
1633,USW00094728,2017-06-22,83,68
1634,USW00094728,2017-06-23,83,76
1635,USW00094728,2017-06-24,84,71
1636,USW00094728,2017-06-25,83,68
1637,USW00094728,2017-06-26,79,64
1638,USW00094728,2017-06-27,77,60
1639,USW00094728,2017-06-28,78,61
1640,USW00094728,2017-06-29,82,68
1641,USW00094728,2017-06-30,88,73
1642,USW00094728,2017-07-01,85,71
1643,USW00094728,2017-07-02,87,72
1644,USW00094728,2017-07-03,88,71
1645,USW00094728,2017-07-04,85,70
1646,USW00094728,2017-07-05,85,70
1647,USW00094728,2017-07-06,77,71
1648,USW00094728,2017-07-07,80,68
1649,USW00094728,2017-07-08,84,69
1650,USW00094728,2017-07-09,81,67
1651,USW00094728,2017-07-10,84,68
1652,USW00094728,2017-07-11,85,75
1653,USW00094728,2017-07-12,88,77
1654,USW00094728,2017-07-13,90,73
1655,USW00094728,2017-07-14,73,65
1656,USW00094728,2017-07-15,84,68
1657,USW00094728,2017-07-16,87,68
1658,USW00094728,2017-07-17,85,73
1659,USW00094728,2017-07-18,88,73
1660,USW00094728,2017-07-19,92,77
1661,USW00094728,2017-07-20,94,77
1662,USW00094728,2017-07-21,92,76
1663,USW00094728,2017-07-22,92,71
1664,USW00094728,2017-07-23,79,71
1665,USW00094728,2017-07-24,73,63
1666,USW00094728,2017-07-25,71,62
1667,USW00094728,2017-07-26,77,65
1668,USW00094728,2017-07-27,78,65
1669,USW00094728,2017-07-28,85,71
1670,USW00094728,2017-07-29,77,67
1671,USW00094728,2017-07-30,82,64
1672,USW00094728,2017-07-31,88,66
1673,USW00094728,2017-08-01,92,71
1674,USW00094728,2017-08-02,86,69
1675,USW00094728,2017-08-03,87,68
1676,USW00094728,2017-08-04,84,69
1677,USW00094728,2017-08-05,78,69
1678,USW00094728,2017-08-06,76,64
1679,USW00094728,2017-08-07,71,64
1680,USW00094728,2017-08-08,78,65
1681,USW00094728,2017-08-09,85,64
1682,USW00094728,2017-08-10,83,68
1683,USW00094728,2017-08-11,82,69
1684,USW00094728,2017-08-12,77,64
1685,USW00094728,2017-08-13,83,71
1686,USW00094728,2017-08-14,80,70
1687,USW00094728,2017-08-15,74,68
1688,USW00094728,2017-08-16,87,70
1689,USW00094728,2017-08-17,83,69
1690,USW00094728,2017-08-18,82,73
1691,USW00094728,2017-08-19,86,73
1692,USW00094728,2017-08-20,81,69
1693,USW00094728,2017-08-21,87,71
1694,USW00094728,2017-08-22,89,72
1695,USW00094728,2017-08-23,81,70
1696,USW00094728,2017-08-24,80,65
1697,USW00094728,2017-08-25,78,63
1698,USW00094728,2017-08-26,78,62
1699,USW00094728,2017-08-27,78,63
1700,USW00094728,2017-08-28,76,63
1701,USW00094728,2017-08-29,68,61
1702,USW00094728,2017-08-30,78,60
1703,USW00094728,2017-08-31,81,64
1704,USW00094728,2017-09-01,71,55
1705,USW00094728,2017-09-02,68,54
1706,USW00094728,2017-09-03,69,59
1707,USW00094728,2017-09-04,80,61
1708,USW00094728,2017-09-05,85,69
1709,USW00094728,2017-09-06,72,61
1710,USW00094728,2017-09-07,71,59
1711,USW00094728,2017-09-08,71,58
1712,USW00094728,2017-09-09,70,55
1713,USW00094728,2017-09-10,72,57
1714,USW00094728,2017-09-11,76,55
1715,USW00094728,2017-09-12,78,59
1716,USW00094728,2017-09-13,83,64
1717,USW00094728,2017-09-14,81,70
1718,USW00094728,2017-09-15,81,67
1719,USW00094728,2017-09-16,82,70
1720,USW00094728,2017-09-17,81,68
1721,USW00094728,2017-09-18,73,68
1722,USW00094728,2017-09-19,78,69
1723,USW00094728,2017-09-20,79,71
1724,USW00094728,2017-09-21,80,71
1725,USW00094728,2017-09-22,82,66
1726,USW00094728,2017-09-23,87,68
1727,USW00094728,2017-09-24,91,69
1728,USW00094728,2017-09-25,88,70
1729,USW00094728,2017-09-26,84,68
1730,USW00094728,2017-09-27,87,69
1731,USW00094728,2017-09-28,79,59
1732,USW00094728,2017-09-29,68,55
1733,USW00094728,2017-09-30,66,54
1734,USW00094728,2017-10-01,68,50
1735,USW00094728,2017-10-02,73,52
1736,USW00094728,2017-10-03,71,57
1737,USW00094728,2017-10-04,75,56
1738,USW00094728,2017-10-05,83,65
1739,USW00094728,2017-10-06,82,68
1740,USW00094728,2017-10-07,81,66
1741,USW00094728,2017-10-08,77,72
1742,USW00094728,2017-10-09,77,71
1743,USW00094728,2017-10-10,81,66
1744,USW00094728,2017-10-11,77,60
1745,USW00094728,2017-10-12,64,55
1746,USW00094728,2017-10-13,67,52
1747,USW00094728,2017-10-14,72,61
1748,USW00094728,2017-10-15,74,65
1749,USW00094728,2017-10-16,69,46
1750,USW00094728,2017-10-17,58,42
1751,USW00094728,2017-10-18,72,50
1752,USW00094728,2017-10-19,71,56
1753,USW00094728,2017-10-20,73,57
1754,USW00094728,2017-10-21,78,56
1755,USW00094728,2017-10-22,76,57
1756,USW00094728,2017-10-23,74,61
1757,USW00094728,2017-10-24,74,67
1758,USW00094728,2017-10-25,67,57
1759,USW00094728,2017-10-26,58,50
1760,USW00094728,2017-10-27,62,47
1761,USW00094728,2017-10-28,69,55
1762,USW00094728,2017-10-29,67,60
1763,USW00094728,2017-10-30,61,46
1764,USW00094728,2017-10-31,57,45
1765,USW00094728,2017-11-01,59,43
1766,USW00094728,2017-11-02,72,58
1767,USW00094728,2017-11-03,74,51
1768,USW00094728,2017-11-04,56,46
1769,USW00094728,2017-11-05,61,51
1770,USW00094728,2017-11-06,66,46
1771,USW00094728,2017-11-07,49,40
1772,USW00094728,2017-11-08,49,39
1773,USW00094728,2017-11-09,55,39
1774,USW00094728,2017-11-10,51,25
1775,USW00094728,2017-11-11,38,24
1776,USW00094728,2017-11-12,46,32
1777,USW00094728,2017-11-13,47,39
1778,USW00094728,2017-11-14,48,35
1779,USW00094728,2017-11-15,51,37
1780,USW00094728,2017-11-16,57,43
1781,USW00094728,2017-11-17,47,37
1782,USW00094728,2017-11-18,56,34
1783,USW00094728,2017-11-19,59,38
1784,USW00094728,2017-11-20,47,36
1785,USW00094728,2017-11-21,58,42
1786,USW00094728,2017-11-22,56,35
1787,USW00094728,2017-11-23,43,31
1788,USW00094728,2017-11-24,50,35
1789,USW00094728,2017-11-25,57,43
1790,USW00094728,2017-11-26,51,40
1791,USW00094728,2017-11-27,51,39
1792,USW00094728,2017-11-28,54,36
1793,USW00094728,2017-11-29,63,42
1794,USW00094728,2017-11-30,53,38
1795,USW00094728,2017-12-01,52,42
1796,USW00094728,2017-12-02,48,39
1797,USW00094728,2017-12-03,48,42
1798,USW00094728,2017-12-04,51,40
1799,USW00094728,2017-12-05,61,50
1800,USW00094728,2017-12-06,59,40
1801,USW00094728,2017-12-07,44,37
1802,USW00094728,2017-12-08,39,34
1803,USW00094728,2017-12-09,35,30
1804,USW00094728,2017-12-10,39,29
1805,USW00094728,2017-12-11,41,33
1806,USW00094728,2017-12-12,50,29
1807,USW00094728,2017-12-13,31,20
1808,USW00094728,2017-12-14,32,22
1809,USW00094728,2017-12-15,28,20
1810,USW00094728,2017-12-16,39,23
1811,USW00094728,2017-12-17,38,32
1812,USW00094728,2017-12-18,47,34
1813,USW00094728,2017-12-19,55,45
1814,USW00094728,2017-12-20,51,34
1815,USW00094728,2017-12-21,39,32
1816,USW00094728,2017-12-22,50,35
1817,USW00094728,2017-12-23,48,38
1818,USW00094728,2017-12-24,41,36
1819,USW00094728,2017-12-25,38,28
1820,USW00094728,2017-12-26,28,23
1821,USW00094728,2017-12-27,24,17
1822,USW00094728,2017-12-28,18,11
1823,USW00094728,2017-12-29,22,11
1824,USW00094728,2017-12-30,23,17
1825,USW00094728,2017-12-31,21,9
1826,USW00094728,2018-01-01,19,7
1827,USW00094728,2018-01-02,26,13
1828,USW00094728,2018-01-03,30,16
1829,USW00094728,2018-01-04,29,19
1830,USW00094728,2018-01-05,19,9
1831,USW00094728,2018-01-06,13,6
1832,USW00094728,2018-01-07,18,5
1833,USW00094728,2018-01-08,31,17
1834,USW00094728,2018-01-09,44,30
1835,USW00094728,2018-01-10,43,30
1836,USW00094728,2018-01-11,53,41
1837,USW00094728,2018-01-12,61,44
1838,USW00094728,2018-01-13,58,19
1839,USW00094728,2018-01-14,25,15
1840,USW00094728,2018-01-15,30,16
1841,USW00094728,2018-01-16,36,25
1842,USW00094728,2018-01-17,36,22
1843,USW00094728,2018-01-18,32,18
1844,USW00094728,2018-01-19,41,24
1845,USW00094728,2018-01-20,52,38
1846,USW00094728,2018-01-21,50,42
1847,USW00094728,2018-01-22,49,38
1848,USW00094728,2018-01-23,60,38
1849,USW00094728,2018-01-24,44,27
1850,USW00094728,2018-01-25,34,23
1851,USW00094728,2018-01-26,38,26
1852,USW00094728,2018-01-27,56,35
1853,USW00094728,2018-01-28,55,46
1854,USW00094728,2018-01-29,47,35
1855,USW00094728,2018-01-30,36,24
1856,USW00094728,2018-01-31,33,18
1857,USW00094728,2018-02-01,45,32
1858,USW00094728,2018-02-02,41,17
1859,USW00094728,2018-02-03,31,16
1860,USW00094728,2018-02-04,46,30
1861,USW00094728,2018-02-05,40,26
1862,USW00094728,2018-02-06,37,26
1863,USW00094728,2018-02-07,45,30
1864,USW00094728,2018-02-08,33,25
1865,USW00094728,2018-02-09,39,26
1866,USW00094728,2018-02-10,50,39
1867,USW00094728,2018-02-11,62,45
1868,USW00094728,2018-02-12,62,32
1869,USW00094728,2018-02-13,38,26
1870,USW00094728,2018-02-14,53,35
1871,USW00094728,2018-02-15,62,46
1872,USW00094728,2018-02-16,58,36
1873,USW00094728,2018-02-17,40,28
1874,USW00094728,2018-02-18,44,33
1875,USW00094728,2018-02-19,49,36
1876,USW00094728,2018-02-20,67,47
1877,USW00094728,2018-02-21,78,55
1878,USW00094728,2018-02-22,59,37
1879,USW00094728,2018-02-23,42,36
1880,USW00094728,2018-02-24,55,42
1881,USW00094728,2018-02-25,44,40
1882,USW00094728,2018-02-26,52,43
1883,USW00094728,2018-02-27,56,39
1884,USW00094728,2018-02-28,61,42
1885,USW00094728,2018-03-01,60,44
1886,USW00094728,2018-03-02,44,34
1887,USW00094728,2018-03-03,49,36
1888,USW00094728,2018-03-04,44,34
1889,USW00094728,2018-03-05,43,33
1890,USW00094728,2018-03-06,47,32
1891,USW00094728,2018-03-07,39,33
1892,USW00094728,2018-03-08,39,33
1893,USW00094728,2018-03-09,42,30
1894,USW00094728,2018-03-10,40,31
1895,USW00094728,2018-03-11,45,32
1896,USW00094728,2018-03-12,43,32
1897,USW00094728,2018-03-13,40,33
1898,USW00094728,2018-03-14,41,31
1899,USW00094728,2018-03-15,48,32
1900,USW00094728,2018-03-16,40,30
1901,USW00094728,2018-03-17,48,27
1902,USW00094728,2018-03-18,43,28
1903,USW00094728,2018-03-19,47,33
1904,USW00094728,2018-03-20,39,30
1905,USW00094728,2018-03-21,39,31
1906,USW00094728,2018-03-22,50,32
1907,USW00094728,2018-03-23,49,35
1908,USW00094728,2018-03-24,51,35
1909,USW00094728,2018-03-25,45,33
1910,USW00094728,2018-03-26,50,34
1911,USW00094728,2018-03-27,47,34
1912,USW00094728,2018-03-28,52,38
1913,USW00094728,2018-03-29,53,49
1914,USW00094728,2018-03-30,62,44
1915,USW00094728,2018-03-31,58,39
1916,USW00094728,2018-04-01,60,43
1917,USW00094728,2018-04-02,43,33
1918,USW00094728,2018-04-03,43,39
1919,USW00094728,2018-04-04,56,40
1920,USW00094728,2018-04-05,45,34
1921,USW00094728,2018-04-06,62,37
1922,USW00094728,2018-04-07,49,37
1923,USW00094728,2018-04-08,46,32
1924,USW00094728,2018-04-09,49,32
1925,USW00094728,2018-04-10,51,38
1926,USW00094728,2018-04-11,51,37
1927,USW00094728,2018-04-12,63,46
1928,USW00094728,2018-04-13,82,60
1929,USW00094728,2018-04-14,77,44
1930,USW00094728,2018-04-15,44,38
1931,USW00094728,2018-04-16,60,39
1932,USW00094728,2018-04-17,47,39
1933,USW00094728,2018-04-18,55,37
1934,USW00094728,2018-04-19,49,38
1935,USW00094728,2018-04-20,50,37
1936,USW00094728,2018-04-21,63,39
1937,USW00094728,2018-04-22,67,44
1938,USW00094728,2018-04-23,68,46
1939,USW00094728,2018-04-24,66,46
1940,USW00094728,2018-04-25,60,52
1941,USW00094728,2018-04-26,70,55
1942,USW00094728,2018-04-27,59,51
1943,USW00094728,2018-04-28,68,50
1944,USW00094728,2018-04-29,59,47
1945,USW00094728,2018-04-30,51,44
1946,USW00094728,2018-05-01,80,48
1947,USW00094728,2018-05-02,90,65
1948,USW00094728,2018-05-03,92,70
1949,USW00094728,2018-05-04,84,72
1950,USW00094728,2018-05-05,76,61
1951,USW00094728,2018-05-06,66,56
1952,USW00094728,2018-05-07,77,54
1953,USW00094728,2018-05-08,74,53
1954,USW00094728,2018-05-09,77,54
1955,USW00094728,2018-05-10,66,54
1956,USW00094728,2018-05-11,73,60
1957,USW00094728,2018-05-12,63,51
1958,USW00094728,2018-05-13,54,52
1959,USW00094728,2018-05-14,71,52
1960,USW00094728,2018-05-15,88,61
1961,USW00094728,2018-05-16,64,56
1962,USW00094728,2018-05-17,71,56
1963,USW00094728,2018-05-18,67,56
1964,USW00094728,2018-05-19,56,49
1965,USW00094728,2018-05-20,81,56
1966,USW00094728,2018-05-21,79,58
1967,USW00094728,2018-05-22,68,55
1968,USW00094728,2018-05-23,81,59
1969,USW00094728,2018-05-24,83,63
1970,USW00094728,2018-05-25,86,65
1971,USW00094728,2018-05-26,89,72
1972,USW00094728,2018-05-27,80,56
1973,USW00094728,2018-05-28,69,56
1974,USW00094728,2018-05-29,89,63
1975,USW00094728,2018-05-30,78,61
1976,USW00094728,2018-05-31,68,63
1977,USW00094728,2018-06-01,81,65
1978,USW00094728,2018-06-02,87,66
1979,USW00094728,2018-06-03,66,51
1980,USW00094728,2018-06-04,71,51
1981,USW00094728,2018-06-05,75,58
1982,USW00094728,2018-06-06,71,58
1983,USW00094728,2018-06-07,71,60
1984,USW00094728,2018-06-08,82,60
1985,USW00094728,2018-06-09,83,67
1986,USW00094728,2018-06-10,73,58
1987,USW00094728,2018-06-11,73,58
1988,USW00094728,2018-06-12,75,57
1989,USW00094728,2018-06-13,78,63
1990,USW00094728,2018-06-14,84,67
1991,USW00094728,2018-06-15,76,63
1992,USW00094728,2018-06-16,85,64
1993,USW00094728,2018-06-17,91,66
1994,USW00094728,2018-06-18,91,73
1995,USW00094728,2018-06-19,88,75
1996,USW00094728,2018-06-20,83,69
1997,USW00094728,2018-06-21,83,65
1998,USW00094728,2018-06-22,75,62
1999,USW00094728,2018-06-23,66,62
2000,USW00094728,2018-06-24,84,66
2001,USW00094728,2018-06-25,81,67
2002,USW00094728,2018-06-26,78,61
2003,USW00094728,2018-06-27,73,66
2004,USW00094728,2018-06-28,83,70
2005,USW00094728,2018-06-29,89,70
2006,USW00094728,2018-06-30,93,72
2007,USW00094728,2018-07-01,96,79
2008,USW00094728,2018-07-02,95,79
2009,USW00094728,2018-07-03,92,77
2010,USW00094728,2018-07-04,86,77
2011,USW00094728,2018-07-05,90,76
2012,USW00094728,2018-07-06,80,69
2013,USW00094728,2018-07-07,78,62
2014,USW00094728,2018-07-08,84,62
2015,USW00094728,2018-07-09,87,67
2016,USW00094728,2018-07-10,93,72
2017,USW00094728,2018-07-11,88,74
2018,USW00094728,2018-07-12,84,64
2019,USW00094728,2018-07-13,84,68
2020,USW00094728,2018-07-14,88,70
2021,USW00094728,2018-07-15,83,69
2022,USW00094728,2018-07-16,90,75
2023,USW00094728,2018-07-17,88,70
2024,USW00094728,2018-07-18,85,66
2025,USW00094728,2018-07-19,83,66
2026,USW00094728,2018-07-20,82,69
2027,USW00094728,2018-07-21,79,65
2028,USW00094728,2018-07-22,79,70
2029,USW00094728,2018-07-23,80,73
2030,USW00094728,2018-07-24,82,75
2031,USW00094728,2018-07-25,77,72
2032,USW00094728,2018-07-26,85,72
2033,USW00094728,2018-07-27,86,68
2034,USW00094728,2018-07-28,85,70
2035,USW00094728,2018-07-29,82,70
2036,USW00094728,2018-07-30,78,68
2037,USW00094728,2018-07-31,82,68
2038,USW00094728,2018-08-01,84,74
2039,USW00094728,2018-08-02,86,76
2040,USW00094728,2018-08-03,85,73
2041,USW00094728,2018-08-04,84,72
2042,USW00094728,2018-08-05,91,73
2043,USW00094728,2018-08-06,92,77
2044,USW00094728,2018-08-07,90,74
2045,USW00094728,2018-08-08,90,76
2046,USW00094728,2018-08-09,86,73
2047,USW00094728,2018-08-10,86,72
2048,USW00094728,2018-08-11,80,70
2049,USW00094728,2018-08-12,84,72
2050,USW00094728,2018-08-13,75,71
2051,USW00094728,2018-08-14,82,71
2052,USW00094728,2018-08-15,86,70
2053,USW00094728,2018-08-16,88,76
2054,USW00094728,2018-08-17,87,72
2055,USW00094728,2018-08-18,85,71
2056,USW00094728,2018-08-19,72,67
2057,USW00094728,2018-08-20,74,67
2058,USW00094728,2018-08-21,79,66
2059,USW00094728,2018-08-22,82,71
2060,USW00094728,2018-08-23,77,65
2061,USW00094728,2018-08-24,82,65
2062,USW00094728,2018-08-25,80,68
2063,USW00094728,2018-08-26,83,69
2064,USW00094728,2018-08-27,88,74
2065,USW00094728,2018-08-28,94,79
2066,USW00094728,2018-08-29,92,81
2067,USW00094728,2018-08-30,90,78
2068,USW00094728,2018-08-31,78,69
2069,USW00094728,2018-09-01,78,69
2070,USW00094728,2018-09-02,81,68
2071,USW00094728,2018-09-03,90,75
2072,USW00094728,2018-09-04,92,77
2073,USW00094728,2018-09-05,89,77
2074,USW00094728,2018-09-06,93,73
2075,USW00094728,2018-09-07,75,69
2076,USW00094728,2018-09-08,71,61
2077,USW00094728,2018-09-09,62,55
2078,USW00094728,2018-09-10,64,54
2079,USW00094728,2018-09-11,74,62
2080,USW00094728,2018-09-12,77,71
2081,USW00094728,2018-09-13,76,69
2082,USW00094728,2018-09-14,75,68
2083,USW00094728,2018-09-15,80,67
2084,USW00094728,2018-09-16,84,67
2085,USW00094728,2018-09-17,79,68
2086,USW00094728,2018-09-18,79,70
2087,USW00094728,2018-09-19,81,68
2088,USW00094728,2018-09-20,72,65
2089,USW00094728,2018-09-21,72,67
2090,USW00094728,2018-09-22,74,62
2091,USW00094728,2018-09-23,66,60
2092,USW00094728,2018-09-24,69,57
2093,USW00094728,2018-09-25,73,59
2094,USW00094728,2018-09-26,82,69
2095,USW00094728,2018-09-27,72,61
2096,USW00094728,2018-09-28,65,56
2097,USW00094728,2018-09-29,72,58
2098,USW00094728,2018-09-30,70,54
2099,USW00094728,2018-10-01,76,63
2100,USW00094728,2018-10-02,77,65
2101,USW00094728,2018-10-03,74,63
2102,USW00094728,2018-10-04,76,61
2103,USW00094728,2018-10-05,71,60
2104,USW00094728,2018-10-06,68,63
2105,USW00094728,2018-10-07,79,67
2106,USW00094728,2018-10-08,74,64
2107,USW00094728,2018-10-09,77,66
2108,USW00094728,2018-10-10,80,71
2109,USW00094728,2018-10-11,77,69
2110,USW00094728,2018-10-12,68,51
2111,USW00094728,2018-10-13,55,46
2112,USW00094728,2018-10-14,58,47
2113,USW00094728,2018-10-15,68,52
2114,USW00094728,2018-10-16,60,47
2115,USW00094728,2018-10-17,61,46
2116,USW00094728,2018-10-18,50,42
2117,USW00094728,2018-10-19,60,43
2118,USW00094728,2018-10-20,62,51
2119,USW00094728,2018-10-21,51,39
2120,USW00094728,2018-10-22,50,39
2121,USW00094728,2018-10-23,63,49
2122,USW00094728,2018-10-24,54,44
2123,USW00094728,2018-10-25,51,40
2124,USW00094728,2018-10-26,50,38
2125,USW00094728,2018-10-27,51,44
2126,USW00094728,2018-10-28,52,45
2127,USW00094728,2018-10-29,56,47
2128,USW00094728,2018-10-30,55,42
2129,USW00094728,2018-10-31,64,44
2130,USW00094728,2018-11-01,70,57
2131,USW00094728,2018-11-02,72,64
2132,USW00094728,2018-11-03,65,48
2133,USW00094728,2018-11-04,55,43
2134,USW00094728,2018-11-05,53,48
2135,USW00094728,2018-11-06,59,49
2136,USW00094728,2018-11-07,62,51
2137,USW00094728,2018-11-08,56,45
2138,USW00094728,2018-11-09,52,40
2139,USW00094728,2018-11-10,50,34
2140,USW00094728,2018-11-11,46,33
2141,USW00094728,2018-11-12,49,37
2142,USW00094728,2018-11-13,50,43
2143,USW00094728,2018-11-14,43,32
2144,USW00094728,2018-11-15,40,28
2145,USW00094728,2018-11-16,45,34
2146,USW00094728,2018-11-17,47,37
2147,USW00094728,2018-11-18,44,39
2148,USW00094728,2018-11-19,50,41
2149,USW00094728,2018-11-20,47,39
2150,USW00094728,2018-11-21,44,27
2151,USW00094728,2018-11-22,28,17
2152,USW00094728,2018-11-23,32,15
2153,USW00094728,2018-11-24,49,31
2154,USW00094728,2018-11-25,55,45
2155,USW00094728,2018-11-26,53,45
2156,USW00094728,2018-11-27,45,37
2157,USW00094728,2018-11-28,42,36
2158,USW00094728,2018-11-29,46,38
2159,USW00094728,2018-11-30,43,38
2160,USW00094728,2018-12-01,46,36
2161,USW00094728,2018-12-02,56,42
2162,USW00094728,2018-12-03,55,46
2163,USW00094728,2018-12-04,46,31
2164,USW00094728,2018-12-05,37,28
2165,USW00094728,2018-12-06,40,30
2166,USW00094728,2018-12-07,39,28
2167,USW00094728,2018-12-08,36,24
2168,USW00094728,2018-12-09,36,28
2169,USW00094728,2018-12-10,39,29
2170,USW00094728,2018-12-11,41,29
2171,USW00094728,2018-12-12,41,33
2172,USW00094728,2018-12-13,40,33
2173,USW00094728,2018-12-14,51,40
2174,USW00094728,2018-12-15,52,46
2175,USW00094728,2018-12-16,46,35
2176,USW00094728,2018-12-17,46,37
2177,USW00094728,2018-12-18,40,28
2178,USW00094728,2018-12-19,42,26
2179,USW00094728,2018-12-20,47,37
2180,USW00094728,2018-12-21,61,47
2181,USW00094728,2018-12-22,54,40
2182,USW00094728,2018-12-23,43,36
2183,USW00094728,2018-12-24,43,36
2184,USW00094728,2018-12-25,40,33
2185,USW00094728,2018-12-26,43,32
2186,USW00094728,2018-12-27,44,37
2187,USW00094728,2018-12-28,60,43
2188,USW00094728,2018-12-29,57,39
2189,USW00094728,2018-12-30,40,33
2190,USW00094728,2018-12-31,48,36
2191,USW00094728,2019-01-01,58,39
2192,USW00094728,2019-01-02,40,35
2193,USW00094728,2019-01-03,44,37
2194,USW00094728,2019-01-04,47,35
2195,USW00094728,2019-01-05,47,41
2196,USW00094728,2019-01-06,49,31
2197,USW00094728,2019-01-07,34,25
2198,USW00094728,2019-01-08,45,34
2199,USW00094728,2019-01-09,45,34
2200,USW00094728,2019-01-10,34,28
2201,USW00094728,2019-01-11,30,21
2202,USW00094728,2019-01-12,34,20
2203,USW00094728,2019-01-13,33,25
2204,USW00094728,2019-01-14,32,22
2205,USW00094728,2019-01-15,36,25
2206,USW00094728,2019-01-16,39,30
2207,USW00094728,2019-01-17,33,24
2208,USW00094728,2019-01-18,39,29
2209,USW00094728,2019-01-19,37,32
2210,USW00094728,2019-01-20,42,14
2211,USW00094728,2019-01-21,14,4
2212,USW00094728,2019-01-22,31,13
2213,USW00094728,2019-01-23,52,31
2214,USW00094728,2019-01-24,59,35
2215,USW00094728,2019-01-25,40,28
2216,USW00094728,2019-01-26,35,24
2217,USW00094728,2019-01-27,49,32
2218,USW00094728,2019-01-28,38,25
2219,USW00094728,2019-01-29,43,25
2220,USW00094728,2019-01-30,35,6
2221,USW00094728,2019-01-31,16,2
2222,USW00094728,2019-02-01,21,11
2223,USW00094728,2019-02-02,34,16
2224,USW00094728,2019-02-03,53,33
2225,USW00094728,2019-02-04,61,41
2226,USW00094728,2019-02-05,65,44
2227,USW00094728,2019-02-06,46,35
2228,USW00094728,2019-02-07,44,39
2229,USW00094728,2019-02-08,55,32
2230,USW00094728,2019-02-09,32,23
2231,USW00094728,2019-02-10,35,23
2232,USW00094728,2019-02-11,38,30
2233,USW00094728,2019-02-12,36,26
2234,USW00094728,2019-02-13,41,33
2235,USW00094728,2019-02-14,46,33
2236,USW00094728,2019-02-15,59,42
2237,USW00094728,2019-02-16,47,32
2238,USW00094728,2019-02-17,38,26
2239,USW00094728,2019-02-18,42,26
2240,USW00094728,2019-02-19,36,23
2241,USW00094728,2019-02-20,33,26
2242,USW00094728,2019-02-21,52,33
2243,USW00094728,2019-02-22,44,36
2244,USW00094728,2019-02-23,42,32
2245,USW00094728,2019-02-24,47,36
2246,USW00094728,2019-02-25,43,28
2247,USW00094728,2019-02-26,36,25
2248,USW00094728,2019-02-27,31,23
2249,USW00094728,2019-02-28,37,27
2250,USW00094728,2019-03-01,35,26
2251,USW00094728,2019-03-02,41,31
2252,USW00094728,2019-03-03,42,33
2253,USW00094728,2019-03-04,38,28
2254,USW00094728,2019-03-05,32,20
2255,USW00094728,2019-03-06,26,19
2256,USW00094728,2019-03-07,32,18
2257,USW00094728,2019-03-08,39,24
2258,USW00094728,2019-03-09,49,34
2259,USW00094728,2019-03-10,43,35
2260,USW00094728,2019-03-11,53,39
2261,USW00094728,2019-03-12,44,34
2262,USW00094728,2019-03-13,49,32
2263,USW00094728,2019-03-14,57,42
2264,USW00094728,2019-03-15,75,49
2265,USW00094728,2019-03-16,58,37
2266,USW00094728,2019-03-17,45,34
2267,USW00094728,2019-03-18,46,32
2268,USW00094728,2019-03-19,51,35
2269,USW00094728,2019-03-20,53,37
2270,USW00094728,2019-03-21,46,41
2271,USW00094728,2019-03-22,49,38
2272,USW00094728,2019-03-23,48,35
2273,USW00094728,2019-03-24,60,38
2274,USW00094728,2019-03-25,56,42
2275,USW00094728,2019-03-26,49,33
2276,USW00094728,2019-03-27,47,34
2277,USW00094728,2019-03-28,53,37
2278,USW00094728,2019-03-29,59,49
2279,USW00094728,2019-03-30,70,52
2280,USW00094728,2019-03-31,65,39
2281,USW00094728,2019-04-01,46,33
2282,USW00094728,2019-04-02,52,39
2283,USW00094728,2019-04-03,67,41
2284,USW00094728,2019-04-04,60,44
2285,USW00094728,2019-04-05,45,38
2286,USW00094728,2019-04-06,68,39
2287,USW00094728,2019-04-07,66,51
2288,USW00094728,2019-04-08,79,49
2289,USW00094728,2019-04-09,51,46
2290,USW00094728,2019-04-10,60,45
2291,USW00094728,2019-04-11,55,40
2292,USW00094728,2019-04-12,68,46
2293,USW00094728,2019-04-13,77,59
2294,USW00094728,2019-04-14,73,60
2295,USW00094728,2019-04-15,65,46
2296,USW00094728,2019-04-16,66,44
2297,USW00094728,2019-04-17,63,48
2298,USW00094728,2019-04-18,62,51
2299,USW00094728,2019-04-19,80,58
2300,USW00094728,2019-04-20,64,55
2301,USW00094728,2019-04-21,66,53
2302,USW00094728,2019-04-22,64,52
2303,USW00094728,2019-04-23,77,56
2304,USW00094728,2019-04-24,69,55
2305,USW00094728,2019-04-25,66,48
2306,USW00094728,2019-04-26,59,51
2307,USW00094728,2019-04-27,58,47
2308,USW00094728,2019-04-28,53,45
2309,USW00094728,2019-04-29,60,41
2310,USW00094728,2019-04-30,60,48
2311,USW00094728,2019-05-01,56,50
2312,USW00094728,2019-05-02,78,50
2313,USW00094728,2019-05-03,56,50
2314,USW00094728,2019-05-04,71,53
2315,USW00094728,2019-05-05,58,51
2316,USW00094728,2019-05-06,74,51
2317,USW00094728,2019-05-07,70,52
2318,USW00094728,2019-05-08,71,55
2319,USW00094728,2019-05-09,61,53
2320,USW00094728,2019-05-10,73,56
2321,USW00094728,2019-05-11,69,56
2322,USW00094728,2019-05-12,59,43
2323,USW00094728,2019-05-13,48,42
2324,USW00094728,2019-05-14,52,44
2325,USW00094728,2019-05-15,69,44
2326,USW00094728,2019-05-16,73,52
2327,USW00094728,2019-05-17,76,60
2328,USW00094728,2019-05-18,75,56
2329,USW00094728,2019-05-19,76,60
2330,USW00094728,2019-05-20,85,66
2331,USW00094728,2019-05-21,71,56
2332,USW00094728,2019-05-22,74,54
2333,USW00094728,2019-05-23,72,55
2334,USW00094728,2019-05-24,73,61
2335,USW00094728,2019-05-25,71,55
2336,USW00094728,2019-05-26,86,59
2337,USW00094728,2019-05-27,80,64
2338,USW00094728,2019-05-28,71,62
2339,USW00094728,2019-05-29,70,56
2340,USW00094728,2019-05-30,70,57
2341,USW00094728,2019-05-31,80,63
2342,USW00094728,2019-06-01,80,63
2343,USW00094728,2019-06-02,81,61
2344,USW00094728,2019-06-03,70,58
2345,USW00094728,2019-06-04,70,54
2346,USW00094728,2019-06-05,81,64
2347,USW00094728,2019-06-06,83,68
2348,USW00094728,2019-06-07,81,66
2349,USW00094728,2019-06-08,81,63
2350,USW00094728,2019-06-09,78,60
2351,USW00094728,2019-06-10,70,60
2352,USW00094728,2019-06-11,77,63
2353,USW00094728,2019-06-12,74,59
2354,USW00094728,2019-06-13,65,55
2355,USW00094728,2019-06-14,73,58
2356,USW00094728,2019-06-15,81,60
2357,USW00094728,2019-06-16,80,65
2358,USW00094728,2019-06-17,76,69
2359,USW00094728,2019-06-18,73,67
2360,USW00094728,2019-06-19,71,66
2361,USW00094728,2019-06-20,78,65
2362,USW00094728,2019-06-21,77,65
2363,USW00094728,2019-06-22,79,61
2364,USW00094728,2019-06-23,83,64
2365,USW00094728,2019-06-24,84,67
2366,USW00094728,2019-06-25,84,72
2367,USW00094728,2019-06-26,87,72
2368,USW00094728,2019-06-27,89,71
2369,USW00094728,2019-06-28,89,73
2370,USW00094728,2019-06-29,91,72
2371,USW00094728,2019-06-30,83,69
