STATION,DATE,TMAX,TMIN
USW00094728,1/1/13,40,26
USW00094728,1/2/13,33,22
USW00094728,1/3/13,32,24
USW00094728,1/4/13,37,30
USW00094728,1/5/13,42,32
USW00094728,1/6/13,46,34
USW00094728,1/7/13,45,37
USW00094728,1/8/13,48,35
USW00094728,1/9/13,49,39
USW00094728,1/10/13,47,40
USW00094728,1/11/13,46,37
USW00094728,1/12/13,47,42
USW00094728,1/13/13,50,43
USW00094728,1/14/13,56,38
USW00094728,1/15/13,38,35
USW00094728,1/16/13,37,32
USW00094728,1/17/13,43,35
USW00094728,1/18/13,35,25
USW00094728,1/19/13,51,30
USW00094728,1/20/13,53,30
USW00094728,1/21/13,32,26
USW00094728,1/22/13,27,13
USW00094728,1/23/13,20,11
USW00094728,1/24/13,22,12
USW00094728,1/25/13,24,13
USW00094728,1/26/13,27,15
USW00094728,1/27/13,34,19
USW00094728,1/28/13,36,29
USW00094728,1/29/13,49,36
USW00094728,1/30/13,59,39
USW00094728,1/31/13,61,30
USW00094728,2/1/13,31,24
USW00094728,2/2/13,29,19
USW00094728,2/3/13,30,24
USW00094728,2/4/13,30,23
USW00094728,2/5/13,32,28
USW00094728,2/6/13,39,29
USW00094728,2/7/13,32,26
USW00094728,2/8/13,34,27
USW00094728,2/9/13,32,21
USW00094728,2/10/13,36,18
USW00094728,2/11/13,45,34
USW00094728,2/12/13,44,36
USW00094728,2/13/13,44,33
USW00094728,2/14/13,46,33
USW00094728,2/15/13,55,37
USW00094728,2/16/13,41,31
USW00094728,2/17/13,32,18
USW00094728,2/18/13,35,17
USW00094728,2/19/13,49,33
USW00094728,2/20/13,38,25
USW00094728,2/21/13,34,24
USW00094728,2/22/13,38,25
USW00094728,2/23/13,42,36
USW00094728,2/24/13,47,34
USW00094728,2/25/13,45,32
USW00094728,2/26/13,44,35
USW00094728,2/27/13,47,36
USW00094728,2/28/13,51,39
USW00094728,3/1/13,45,36
USW00094728,3/2/13,40,31
USW00094728,3/3/13,40,29
USW00094728,3/4/13,42,27
USW00094728,3/5/13,49,31
USW00094728,3/6/13,42,38
USW00094728,3/7/13,38,33
USW00094728,3/8/13,42,31
USW00094728,3/9/13,55,35
USW00094728,3/10/13,50,36
USW00094728,3/11/13,54,40
USW00094728,3/12/13,57,43
USW00094728,3/13/13,52,38
USW00094728,3/14/13,41,29
USW00094728,3/15/13,47,30
USW00094728,3/16/13,41,32
USW00094728,3/17/13,38,29
USW00094728,3/18/13,35,28
USW00094728,3/19/13,43,33
USW00094728,3/20/13,45,32
USW00094728,3/21/13,40,30
USW00094728,3/22/13,41,28
USW00094728,3/23/13,46,32
USW00094728,3/24/13,47,33
USW00094728,3/25/13,40,36
USW00094728,3/26/13,53,37
USW00094728,3/27/13,53,36
USW00094728,3/28/13,51,37
USW00094728,3/29/13,55,40
USW00094728,3/30/13,59,40
USW00094728,3/31/13,54,44
USW00094728,4/1/13,62,37
USW00094728,4/2/13,43,33
USW00094728,4/3/13,46,33
USW00094728,4/4/13,53,33
USW00094728,4/5/13,64,41
USW00094728,4/6/13,52,35
USW00094728,4/7/13,55,40
USW00094728,4/8/13,73,51
USW00094728,4/9/13,82,51
USW00094728,4/10/13,74,55
USW00094728,4/11/13,60,47
USW00094728,4/12/13,47,41
USW00094728,4/13/13,58,41
USW00094728,4/14/13,57,46
USW00094728,4/15/13,59,44
USW00094728,4/16/13,63,47
USW00094728,4/17/13,71,55
USW00094728,4/18/13,59,51
USW00094728,4/19/13,71,55
USW00094728,4/20/13,60,43
USW00094728,4/21/13,55,37
USW00094728,4/22/13,55,41
USW00094728,4/23/13,53,41
USW00094728,4/24/13,69,44
USW00094728,4/25/13,66,46
USW00094728,4/26/13,67,50
USW00094728,4/27/13,71,48
USW00094728,4/28/13,69,51
USW00094728,4/29/13,57,52
USW00094728,4/30/13,68,51
USW00094728,5/1/13,69,47
USW00094728,5/2/13,72,49
USW00094728,5/3/13,66,49
USW00094728,5/4/13,69,48
USW00094728,5/5/13,64,46
USW00094728,5/6/13,69,46
USW00094728,5/7/13,74,52
USW00094728,5/8/13,63,55
USW00094728,5/9/13,68,54
USW00094728,5/10/13,79,59
USW00094728,5/11/13,70,61
USW00094728,5/12/13,70,51
USW00094728,5/13/13,58,45
USW00094728,5/14/13,61,42
USW00094728,5/15/13,69,52
USW00094728,5/16/13,79,62
USW00094728,5/17/13,72,58
USW00094728,5/18/13,65,56
USW00094728,5/19/13,59,55
USW00094728,5/20/13,79,58
USW00094728,5/21/13,86,68
USW00094728,5/22/13,78,59
USW00094728,5/23/13,80,64
USW00094728,5/24/13,65,45
USW00094728,5/25/13,54,45
USW00094728,5/26/13,66,48
USW00094728,5/27/13,73,51
USW00094728,5/28/13,68,56
USW00094728,5/29/13,82,58
USW00094728,5/30/13,90,72
USW00094728,5/31/13,90,75
USW00094728,6/1/13,90,73
USW00094728,6/2/13,88,69
USW00094728,6/3/13,78,66
USW00094728,6/4/13,75,57
USW00094728,6/5/13,74,58
USW00094728,6/6/13,70,59
USW00094728,6/7/13,63,59
USW00094728,6/8/13,77,57
USW00094728,6/9/13,80,63
USW00094728,6/10/13,70,62
USW00094728,6/11/13,80,64
USW00094728,6/12/13,76,65
USW00094728,6/13/13,69,55
USW00094728,6/14/13,72,53
USW00094728,6/15/13,80,61
USW00094728,6/16/13,80,65
USW00094728,6/17/13,84,69
USW00094728,6/18/13,84,64
USW00094728,6/19/13,77,59
USW00094728,6/20/13,80,62
USW00094728,6/21/13,82,64
USW00094728,6/22/13,84,65
USW00094728,6/23/13,88,70
USW00094728,6/24/13,92,74
USW00094728,6/25/13,91,73
USW00094728,6/26/13,85,74
USW00094728,6/27/13,86,73
USW00094728,6/28/13,85,73
USW00094728,6/29/13,83,71
USW00094728,6/30/13,86,73
USW00094728,7/1/13,77,72
USW00094728,7/2/13,82,72
USW00094728,7/3/13,83,73
USW00094728,7/4/13,87,75
USW00094728,7/5/13,90,76
USW00094728,7/6/13,92,78
USW00094728,7/7/13,92,78
USW00094728,7/8/13,89,73
USW00094728,7/9/13,88,74
USW00094728,7/10/13,85,75
USW00094728,7/11/13,84,76
USW00094728,7/12/13,77,68
USW00094728,7/13/13,81,67
USW00094728,7/14/13,90,74
USW00094728,7/15/13,94,78
USW00094728,7/16/13,94,77
USW00094728,7/17/13,97,79
USW00094728,7/18/13,98,81
USW00094728,7/19/13,96,83
USW00094728,7/20/13,93,81
USW00094728,7/21/13,89,76
USW00094728,7/22/13,86,75
USW00094728,7/23/13,87,73
USW00094728,7/24/13,83,68
USW00094728,7/25/13,68,64
USW00094728,7/26/13,83,65
USW00094728,7/27/13,82,70
USW00094728,7/28/13,78,70
USW00094728,7/29/13,85,69
USW00094728,7/30/13,83,67
USW00094728,7/31/13,83,67
USW00094728,8/1/13,76,66
USW00094728,8/2/13,83,67
USW00094728,8/3/13,78,68
USW00094728,8/4/13,80,66
USW00094728,8/5/13,78,62
USW00094728,8/6/13,82,64
USW00094728,8/7/13,80,70
USW00094728,8/8/13,81,70
USW00094728,8/9/13,85,74
USW00094728,8/10/13,83,70
USW00094728,8/11/13,81,65
USW00094728,8/12/13,82,70
USW00094728,8/13/13,77,68
USW00094728,8/14/13,74,61
USW00094728,8/15/13,78,59
USW00094728,8/16/13,82,64
USW00094728,8/17/13,84,64
USW00094728,8/18/13,76,68
USW00094728,8/19/13,79,66
USW00094728,8/20/13,88,68
USW00094728,8/21/13,90,72
USW00094728,8/22/13,78,71
USW00094728,8/23/13,82,71
USW00094728,8/24/13,80,65
USW00094728,8/25/13,83,64
USW00094728,8/26/13,84,68
USW00094728,8/27/13,87,71
USW00094728,8/28/13,86,71
USW00094728,8/29/13,80,71
USW00094728,8/30/13,85,70
USW00094728,8/31/13,86,73
USW00094728,9/1/13,84,75
USW00094728,9/2/13,82,74
USW00094728,9/3/13,82,68
USW00094728,9/4/13,82,65
USW00094728,9/5/13,80,64
USW00094728,9/6/13,72,57
USW00094728,9/7/13,80,59
USW00094728,9/8/13,83,64
USW00094728,9/9/13,73,57
USW00094728,9/10/13,87,68
USW00094728,9/11/13,96,77
USW00094728,9/12/13,87,70
USW00094728,9/13/13,77,59
USW00094728,9/14/13,67,54
USW00094728,9/15/13,73,51
USW00094728,9/16/13,73,56
USW00094728,9/17/13,65,50
USW00094728,9/18/13,72,51
USW00094728,9/19/13,78,55
USW00094728,9/20/13,79,60
USW00094728,9/21/13,77,61
USW00094728,9/22/13,69,54
USW00094728,9/23/13,66,50
USW00094728,9/24/13,73,47
USW00094728,9/25/13,73,52
USW00094728,9/26/13,71,58
USW00094728,9/27/13,69,57
USW00094728,9/28/13,73,56
USW00094728,9/29/13,72,57
USW00094728,9/30/13,75,56
USW00094728,10/1/13,82,59
USW00094728,10/2/13,83,64
USW00094728,10/3/13,78,63
USW00094728,10/4/13,86,66
USW00094728,10/5/13,76,64
USW00094728,10/6/13,70,65
USW00094728,10/7/13,76,60
USW00094728,10/8/13,67,54
USW00094728,10/9/13,62,53
USW00094728,10/10/13,65,54
USW00094728,10/11/13,68,60
USW00094728,10/12/13,72,60
USW00094728,10/13/13,65,56
USW00094728,10/14/13,66,52
USW00094728,10/15/13,72,53
USW00094728,10/16/13,67,56
USW00094728,10/17/13,73,61
USW00094728,10/18/13,68,55
USW00094728,10/19/13,64,52
USW00094728,10/20/13,63,50
USW00094728,10/21/13,66,50
USW00094728,10/22/13,67,51
USW00094728,10/23/13,55,45
USW00094728,10/24/13,54,41
USW00094728,10/25/13,53,40
USW00094728,10/26/13,55,41
USW00094728,10/27/13,58,46
USW00094728,10/28/13,61,43
USW00094728,10/29/13,56,44
USW00094728,10/30/13,60,47
USW00094728,10/31/13,66,53
USW00094728,11/1/13,70,59
USW00094728,11/2/13,68,55
USW00094728,11/3/13,55,37
USW00094728,11/4/13,46,35
USW00094728,11/5/13,55,41
USW00094728,11/6/13,61,49
USW00094728,11/7/13,64,44
USW00094728,11/8/13,50,40
USW00094728,11/9/13,50,38
USW00094728,11/10/13,61,44
USW00094728,11/11/13,53,43
USW00094728,11/12/13,52,31
USW00094728,11/13/13,39,29
USW00094728,11/14/13,52,33
USW00094728,11/15/13,57,44
USW00094728,11/16/13,60,45
USW00094728,11/17/13,60,51
USW00094728,11/18/13,65,51
USW00094728,11/19/13,51,36
USW00094728,11/20/13,44,32
USW00094728,11/21/13,52,35
USW00094728,11/22/13,57,51
USW00094728,11/23/13,54,31
USW00094728,11/24/13,30,23
USW00094728,11/25/13,35,23
USW00094728,11/26/13,47,33
USW00094728,11/27/13,62,35
USW00094728,11/28/13,35,30
USW00094728,11/29/13,39,29
USW00094728,11/30/13,39,25
USW00094728,12/1/13,49,36
USW00094728,12/2/13,49,41
USW00094728,12/3/13,53,38
USW00094728,12/4/13,52,41
USW00094728,12/5/13,60,48
USW00094728,12/6/13,62,37
USW00094728,12/7/13,41,32
USW00094728,12/8/13,33,29
USW00094728,12/9/13,39,31
USW00094728,12/10/13,37,30
USW00094728,12/11/13,33,27
USW00094728,12/12/13,30,23
USW00094728,12/13/13,35,23
USW00094728,12/14/13,34,22
USW00094728,12/15/13,40,30
USW00094728,12/16/13,33,25
USW00094728,12/17/13,32,24
USW00094728,12/18/13,37,23
USW00094728,12/19/13,47,30
USW00094728,12/20/13,53,41
USW00094728,12/21/13,65,51
USW00094728,12/22/13,71,61
USW00094728,12/23/13,64,42
USW00094728,12/24/13,42,26
USW00094728,12/25/13,31,19
USW00094728,12/26/13,36,30
USW00094728,12/27/13,40,31
USW00094728,12/28/13,55,36
USW00094728,12/29/13,48,41
USW00094728,12/30/13,45,23
USW00094728,12/31/13,32,21
USW00094728,1/1/14,33,24
USW00094728,1/2/14,33,18
USW00094728,1/3/14,18,9
USW00094728,1/4/14,29,8
USW00094728,1/5/14,40,27
USW00094728,1/6/14,55,19
USW00094728,1/7/14,19,4
USW00094728,1/8/14,22,9
USW00094728,1/9/14,32,22
USW00094728,1/10/14,37,30
USW00094728,1/11/14,58,37
USW00094728,1/12/14,54,38
USW00094728,1/13/14,51,37
USW00094728,1/14/14,52,44
USW00094728,1/15/14,47,39
USW00094728,1/16/14,42,36
USW00094728,1/17/14,44,33
USW00094728,1/18/14,41,29
USW00094728,1/19/14,38,24
USW00094728,1/20/14,46,31
USW00094728,1/21/14,31,11
USW00094728,1/22/14,17,5
USW00094728,1/23/14,20,7
USW00094728,1/24/14,20,10
USW00094728,1/25/14,28,19
USW00094728,1/26/14,34,17
USW00094728,1/27/14,44,21
USW00094728,1/28/14,21,12
USW00094728,1/29/14,23,14
USW00094728,1/30/14,30,16
USW00094728,1/31/14,39,25
USW00094728,2/1/14,45,36
USW00094728,2/2/14,56,39
USW00094728,2/3/14,43,27
USW00094728,2/4/14,35,22
USW00094728,2/5/14,34,29
USW00094728,2/6/14,32,21
USW00094728,2/7/14,32,24
USW00094728,2/8/14,29,21
USW00094728,2/9/14,31,21
USW00094728,2/10/14,29,21
USW00094728,2/11/14,26,16
USW00094728,2/12/14,25,13
USW00094728,2/13/14,36,24
USW00094728,2/14/14,40,31
USW00094728,2/15/14,37,27
USW00094728,2/16/14,30,21
USW00094728,2/17/14,32,18
USW00094728,2/18/14,39,26
USW00094728,2/19/14,45,34
USW00094728,2/20/14,51,37
USW00094728,2/21/14,49,36
USW00094728,2/22/14,54,40
USW00094728,2/23/14,54,43
USW00094728,2/24/14,44,27
USW00094728,2/25/14,33,24
USW00094728,2/26/14,31,20
USW00094728,2/27/14,34,14
USW00094728,2/28/14,24,9
USW00094728,3/1/14,37,20
USW00094728,3/2/14,40,32
USW00094728,3/3/14,32,17
USW00094728,3/4/14,29,13
USW00094728,3/5/14,39,26
USW00094728,3/6/14,31,16
USW00094728,3/7/14,37,26
USW00094728,3/8/14,57,35
USW00094728,3/9/14,44,36
USW00094728,3/10/14,51,36
USW00094728,3/11/14,66,45
USW00094728,3/12/14,56,32
USW00094728,3/13/14,32,18
USW00094728,3/14/14,46,22
USW00094728,3/15/14,58,42
USW00094728,3/16/14,42,30
USW00094728,3/17/14,35,23
USW00094728,3/18/14,43,28
USW00094728,3/19/14,46,32
USW00094728,3/20/14,54,40
USW00094728,3/21/14,51,39
USW00094728,3/22/14,63,41
USW00094728,3/23/14,42,27
USW00094728,3/24/14,35,21
USW00094728,3/25/14,39,26
USW00094728,3/26/14,36,24
USW00094728,3/27/14,44,22
USW00094728,3/28/14,62,37
USW00094728,3/29/14,59,43
USW00094728,3/30/14,49,39
USW00094728,3/31/14,56,36
USW00094728,4/1/14,60,39
USW00094728,4/2/14,54,42
USW00094728,4/3/14,67,46
USW00094728,4/4/14,47,40
USW00094728,4/5/14,54,40
USW00094728,4/6/14,61,36
USW00094728,4/7/14,53,43
USW00094728,4/8/14,64,46
USW00094728,4/9/14,61,45
USW00094728,4/10/14,58,42
USW00094728,4/11/14,75,56
USW00094728,4/12/14,73,50
USW00094728,4/13/14,77,54
USW00094728,4/14/14,75,59
USW00094728,4/15/14,63,33
USW00094728,4/16/14,49,31
USW00094728,4/17/14,48,36
USW00094728,4/18/14,49,35
USW00094728,4/19/14,68,41
USW00094728,4/20/14,60,45
USW00094728,4/21/14,67,41
USW00094728,4/22/14,71,51
USW00094728,4/23/14,61,44
USW00094728,4/24/14,62,42
USW00094728,4/25/14,63,44
USW00094728,4/26/14,67,46
USW00094728,4/27/14,59,47
USW00094728,4/28/14,67,45
USW00094728,4/29/14,52,43
USW00094728,4/30/14,52,41
USW00094728,5/1/14,78,51
USW00094728,5/2/14,70,56
USW00094728,5/3/14,71,54
USW00094728,5/4/14,65,54
USW00094728,5/5/14,70,50
USW00094728,5/6/14,71,52
USW00094728,5/7/14,69,50
USW00094728,5/8/14,59,53
USW00094728,5/9/14,63,55
USW00094728,5/10/14,83,57
USW00094728,5/11/14,82,60
USW00094728,5/12/14,85,64
USW00094728,5/13/14,73,53
USW00094728,5/14/14,71,52
USW00094728,5/15/14,71,58
USW00094728,5/16/14,68,58
USW00094728,5/17/14,70,53
USW00094728,5/18/14,67,51
USW00094728,5/19/14,72,49
USW00094728,5/20/14,78,53
USW00094728,5/21/14,74,63
USW00094728,5/22/14,67,59
USW00094728,5/23/14,71,56
USW00094728,5/24/14,70,57
USW00094728,5/25/14,80,55
USW00094728,5/26/14,86,66
USW00094728,5/27/14,86,64
USW00094728,5/28/14,64,54
USW00094728,5/29/14,66,51
USW00094728,5/30/14,75,55
USW00094728,5/31/14,73,57
USW00094728,6/1/14,77,55
USW00094728,6/2/14,80,59
USW00094728,6/3/14,87,65
USW00094728,6/4/14,82,63
USW00094728,6/5/14,76,61
USW00094728,6/6/14,76,61
USW00094728,6/7/14,82,60
USW00094728,6/8/14,86,66
USW00094728,6/9/14,73,63
USW00094728,6/10/14,77,65
USW00094728,6/11/14,70,61
USW00094728,6/12/14,73,60
USW00094728,6/13/14,79,65
USW00094728,6/14/14,74,60
USW00094728,6/15/14,80,59
USW00094728,6/16/14,81,63
USW00094728,6/17/14,89,71
USW00094728,6/18/14,89,76
USW00094728,6/19/14,77,68
USW00094728,6/20/14,79,64
USW00094728,6/21/14,78,62
USW00094728,6/22/14,79,64
USW00094728,6/23/14,81,65
USW00094728,6/24/14,81,68
USW00094728,6/25/14,85,70
USW00094728,6/26/14,85,70
USW00094728,6/27/14,83,67
USW00094728,6/28/14,87,66
USW00094728,6/29/14,83,68
USW00094728,6/30/14,84,69
USW00094728,7/1/14,89,72
USW00094728,7/2/14,91,72
USW00094728,7/3/14,87,69
USW00094728,7/4/14,74,65
USW00094728,7/5/14,81,63
USW00094728,7/6/14,84,66
USW00094728,7/7/14,90,72
USW00094728,7/8/14,91,71
USW00094728,7/9/14,88,71
USW00094728,7/10/14,83,72
USW00094728,7/11/14,86,71
USW00094728,7/12/14,85,71
USW00094728,7/13/14,83,72
USW00094728,7/14/14,84,72
USW00094728,7/15/14,86,72
USW00094728,7/16/14,81,68
USW00094728,7/17/14,81,67
USW00094728,7/18/14,81,64
USW00094728,7/19/14,76,68
USW00094728,7/20/14,80,66
USW00094728,7/21/14,85,67
USW00094728,7/22/14,86,71
USW00094728,7/23/14,88,72
USW00094728,7/24/14,80,70
USW00094728,7/25/14,82,66
USW00094728,7/26/14,81,69
USW00094728,7/27/14,85,71
USW00094728,7/28/14,82,68
USW00094728,7/29/14,76,64
USW00094728,7/30/14,80,63
USW00094728,7/31/14,82,68
USW00094728,8/1/14,84,71
USW00094728,8/2/14,74,63
USW00094728,8/3/14,76,66
USW00094728,8/4/14,84,70
USW00094728,8/5/14,90,71
USW00094728,8/6/14,83,70
USW00094728,8/7/14,83,66
USW00094728,8/8/14,83,65
USW00094728,8/9/14,87,66
USW00094728,8/10/14,88,68
USW00094728,8/11/14,87,71
USW00094728,8/12/14,79,70
USW00094728,8/13/14,82,68
USW00094728,8/14/14,77,63
USW00094728,8/15/14,73,61
USW00094728,8/16/14,78,63
USW00094728,8/17/14,82,66
USW00094728,8/18/14,81,63
USW00094728,8/19/14,83,63
USW00094728,8/20/14,84,70
USW00094728,8/21/14,83,65
USW00094728,8/22/14,79,65
USW00094728,8/23/14,77,67
USW00094728,8/24/14,80,64
USW00094728,8/25/14,88,64
USW00094728,8/26/14,89,70
USW00094728,8/27/14,90,70
USW00094728,8/28/14,82,66
USW00094728,8/29/14,80,61
USW00094728,8/30/14,80,65
USW00094728,8/31/14,90,73
USW00094728,9/1/14,88,75
USW00094728,9/2/14,92,77
USW00094728,9/3/14,86,72
USW00094728,9/4/14,87,69
USW00094728,9/5/14,87,72
USW00094728,9/6/14,91,67
USW00094728,9/7/14,81,65
USW00094728,9/8/14,75,65
USW00094728,9/9/14,73,63
USW00094728,9/10/14,80,63
USW00094728,9/11/14,83,69
USW00094728,9/12/14,78,62
USW00094728,9/13/14,69,58
USW00094728,9/14/14,71,53
USW00094728,9/15/14,71,55
USW00094728,9/16/14,70,58
USW00094728,9/17/14,73,55
USW00094728,9/18/14,76,57
USW00094728,9/19/14,66,54
USW00094728,9/20/14,75,57
USW00094728,9/21/14,75,67
USW00094728,9/22/14,71,55
USW00094728,9/23/14,71,52
USW00094728,9/24/14,71,58
USW00094728,9/25/14,64,57
USW00094728,9/26/14,77,58
USW00094728,9/27/14,83,60
USW00094728,9/28/14,84,64
USW00094728,9/29/14,79,67
USW00094728,9/30/14,71,62
USW00094728,10/1/14,65,61
USW00094728,10/2/14,70,61
USW00094728,10/3/14,71,56
USW00094728,10/4/14,69,52
USW00094728,10/5/14,61,46
USW00094728,10/6/14,69,50
USW00094728,10/7/14,71,63
USW00094728,10/8/14,73,62
USW00094728,10/9/14,68,55
USW00094728,10/10/14,64,52
USW00094728,10/11/14,60,50
USW00094728,10/12/14,63,48
USW00094728,10/13/14,65,52
USW00094728,10/14/14,76,63
USW00094728,10/15/14,77,69
USW00094728,10/16/14,71,61
USW00094728,10/17/14,71,59
USW00094728,10/18/14,70,56
USW00094728,10/19/14,56,44
USW00094728,10/20/14,60,42
USW00094728,10/21/14,67,55
USW00094728,10/22/14,58,50
USW00094728,10/23/14,53,50
USW00094728,10/24/14,63,51
USW00094728,10/25/14,67,50
USW00094728,10/26/14,63,53
USW00094728,10/27/14,63,48
USW00094728,10/28/14,72,53
USW00094728,10/29/14,72,51
USW00094728,10/30/14,59,47
USW00094728,10/31/14,55,45
USW00094728,11/1/14,47,42
USW00094728,11/2/14,48,41
USW00094728,11/3/14,61,39
USW00094728,11/4/14,68,53
USW00094728,11/5/14,64,56
USW00094728,11/6/14,57,48
USW00094728,11/7/14,53,40
USW00094728,11/8/14,48,36
USW00094728,11/9/14,57,46
USW00094728,11/10/14,61,44
USW00094728,11/11/14,64,49
USW00094728,11/12/14,65,47
USW00094728,11/13/14,48,36
USW00094728,11/14/14,42,35
USW00094728,11/15/14,42,33
USW00094728,11/16/14,45,35
USW00094728,11/17/14,52,40
USW00094728,11/18/14,45,24
USW00094728,11/19/14,36,22
USW00094728,11/20/14,45,31
USW00094728,11/21/14,37,28
USW00094728,11/22/14,44,28
USW00094728,11/23/14,57,43
USW00094728,11/24/14,69,53
USW00094728,11/25/14,68,51
USW00094728,11/26/14,51,34
USW00094728,11/27/14,38,34
USW00094728,11/28/14,37,29
USW00094728,11/29/14,45,27
USW00094728,11/30/14,55,45
USW00094728,12/1/14,65,42
USW00094728,12/2/14,43,35
USW00094728,12/3/14,46,41
USW00094728,12/4/14,45,37
USW00094728,12/5/14,44,34
USW00094728,12/6/14,50,39
USW00094728,12/7/14,42,30
USW00094728,12/8/14,37,24
USW00094728,12/9/14,42,36
USW00094728,12/10/14,40,32
USW00094728,12/11/14,38,31
USW00094728,12/12/14,38,32
USW00094728,12/13/14,44,34
USW00094728,12/14/14,46,38
USW00094728,12/15/14,48,37
USW00094728,12/16/14,49,38
USW00094728,12/17/14,54,42
USW00094728,12/18/14,42,37
USW00094728,12/19/14,38,31
USW00094728,12/20/14,33,30
USW00094728,12/21/14,36,31
USW00094728,12/22/14,44,35
USW00094728,12/23/14,46,43
USW00094728,12/24/14,58,44
USW00094728,12/25/14,62,44
USW00094728,12/26/14,50,40
USW00094728,12/27/14,55,44
USW00094728,12/28/14,54,43
USW00094728,12/29/14,44,34
USW00094728,12/30/14,34,28
USW00094728,12/31/14,32,27
USW00094728,1/1/15,39,27
USW00094728,1/2/15,42,35
USW00094728,1/3/15,42,33
USW00094728,1/4/15,56,41
USW00094728,1/5/15,49,21
USW00094728,1/6/15,22,19
USW00094728,1/7/15,23,9
USW00094728,1/8/15,21,8
USW00094728,1/9/15,33,19
USW00094728,1/10/15,23,16
USW00094728,1/11/15,37,18
USW00094728,1/12/15,39,35
USW00094728,1/13/15,36,17
USW00094728,1/14/15,32,16
USW00094728,1/15/15,35,25
USW00094728,1/16/15,43,20
USW00094728,1/17/15,32,17
USW00094728,1/18/15,42,31
USW00094728,1/19/15,42,36
USW00094728,1/20/15,40,32
USW00094728,1/21/15,36,25
USW00094728,1/22/15,40,31
USW00094728,1/23/15,39,28
USW00094728,1/24/15,39,33
USW00094728,1/25/15,42,31
USW00094728,1/26/15,31,22
USW00094728,1/27/15,30,20
USW00094728,1/28/15,34,16
USW00094728,1/29/15,36,19
USW00094728,1/30/15,38,19
USW00094728,1/31/15,26,13
USW00094728,2/1/15,36,20
USW00094728,2/2/15,34,14
USW00094728,2/3/15,26,13
USW00094728,2/4/15,43,24
USW00094728,2/5/15,42,14
USW00094728,2/6/15,27,12
USW00094728,2/7/15,40,25
USW00094728,2/8/15,37,29
USW00094728,2/9/15,29,25
USW00094728,2/10/15,40,26
USW00094728,2/11/15,34,22
USW00094728,2/12/15,40,16
USW00094728,2/13/15,21,8
USW00094728,2/14/15,32,16
USW00094728,2/15/15,25,4
USW00094728,2/16/15,21,3
USW00094728,2/17/15,27,14
USW00094728,2/18/15,33,19
USW00094728,2/19/15,27,8
USW00094728,2/20/15,19,2
USW00094728,2/21/15,32,13
USW00094728,2/22/15,43,32
USW00094728,2/23/15,38,8
USW00094728,2/24/15,24,4
USW00094728,2/25/15,37,20
USW00094728,2/26/15,32,21
USW00094728,2/27/15,30,18
USW00094728,2/28/15,29,13
USW00094728,3/1/15,31,24
USW00094728,3/2/15,39,27
USW00094728,3/3/15,37,22
USW00094728,3/4/15,45,35
USW00094728,3/5/15,40,19
USW00094728,3/6/15,27,12
USW00094728,3/7/15,38,18
USW00094728,3/8/15,49,37
USW00094728,3/9/15,54,40
USW00094728,3/10/15,53,39
USW00094728,3/11/15,59,44
USW00094728,3/12/15,47,36
USW00094728,3/13/15,43,31
USW00094728,3/14/15,51,40
USW00094728,3/15/15,44,36
USW00094728,3/16/15,52,35
USW00094728,3/17/15,57,34
USW00094728,3/18/15,39,29
USW00094728,3/19/15,43,29
USW00094728,3/20/15,38,29
USW00094728,3/21/15,47,29
USW00094728,3/22/15,43,28
USW00094728,3/23/15,38,23
USW00094728,3/24/15,45,26
USW00094728,3/25/15,49,34
USW00094728,3/26/15,62,42
USW00094728,3/27/15,46,39
USW00094728,3/28/15,40,26
USW00094728,3/29/15,46,25
USW00094728,3/30/15,54,36
USW00094728,3/31/15,47,35
USW00094728,4/1/15,51,32
USW00094728,4/2/15,67,41
USW00094728,4/3/15,64,59
USW00094728,4/4/15,60,42
USW00094728,4/5/15,61,42
USW00094728,4/6/15,63,42
USW00094728,4/7/15,62,42
USW00094728,4/8/15,45,37
USW00094728,4/9/15,43,37
USW00094728,4/10/15,56,39
USW00094728,4/11/15,57,44
USW00094728,4/12/15,66,43
USW00094728,4/13/15,68,50
USW00094728,4/14/15,65,55
USW00094728,4/15/15,72,51
USW00094728,4/16/15,64,52
USW00094728,4/17/15,71,55
USW00094728,4/18/15,80,59
USW00094728,4/19/15,64,48
USW00094728,4/20/15,57,46
USW00094728,4/21/15,65,52
USW00094728,4/22/15,69,48
USW00094728,4/23/15,52,41
USW00094728,4/24/15,52,39
USW00094728,4/25/15,62,38
USW00094728,4/26/15,64,46
USW00094728,4/27/15,62,49
USW00094728,4/28/15,71,50
USW00094728,4/29/15,78,50
USW00094728,4/30/15,67,48
USW00094728,5/1/15,63,49
USW00094728,5/2/15,74,48
USW00094728,5/3/15,80,51
USW00094728,5/4/15,85,57
USW00094728,5/5/15,85,66
USW00094728,5/6/15,73,59
USW00094728,5/7/15,80,56
USW00094728,5/8/15,82,56
USW00094728,5/9/15,70,57
USW00094728,5/10/15,83,61
USW00094728,5/11/15,84,70
USW00094728,5/12/15,86,64
USW00094728,5/13/15,70,53
USW00094728,5/14/15,73,50
USW00094728,5/15/15,75,55
USW00094728,5/16/15,75,57
USW00094728,5/17/15,83,64
USW00094728,5/18/15,75,60
USW00094728,5/19/15,80,59
USW00094728,5/20/15,67,54
USW00094728,5/21/15,62,52
USW00094728,5/22/15,74,55
USW00094728,5/23/15,70,49
USW00094728,5/24/15,81,56
USW00094728,5/25/15,85,64
USW00094728,5/26/15,88,67
USW00094728,5/27/15,85,70
USW00094728,5/28/15,85,70
USW00094728,5/29/15,85,65
USW00094728,5/30/15,85,67
USW00094728,5/31/15,87,57
USW00094728,6/1/15,58,51
USW00094728,6/2/15,55,50
USW00094728,6/3/15,70,52
USW00094728,6/4/15,65,54
USW00094728,6/5/15,70,55
USW00094728,6/6/15,76,60
USW00094728,6/7/15,74,55
USW00094728,6/8/15,79,63
USW00094728,6/9/15,83,68
USW00094728,6/10/15,82,65
USW00094728,6/11/15,89,72
USW00094728,6/12/15,88,73
USW00094728,6/13/15,86,72
USW00094728,6/14/15,88,66
USW00094728,6/15/15,83,64
USW00094728,6/16/15,79,65
USW00094728,6/17/15,82,66
USW00094728,6/18/15,71,64
USW00094728,6/19/15,87,68
USW00094728,6/20/15,75,64
USW00094728,6/21/15,88,71
USW00094728,6/22/15,87,70
USW00094728,6/23/15,90,75
USW00094728,6/24/15,84,68
USW00094728,6/25/15,83,65
USW00094728,6/26/15,81,69
USW00094728,6/27/15,71,58
USW00094728,6/28/15,73,62
USW00094728,6/29/15,76,63
USW00094728,6/30/15,82,68
USW00094728,7/1/15,82,69
USW00094728,7/2/15,80,69
USW00094728,7/3/15,82,66
USW00094728,7/4/15,75,69
USW00094728,7/5/15,83,68
USW00094728,7/6/15,83,72
USW00094728,7/7/15,88,75
USW00094728,7/8/15,88,77
USW00094728,7/9/15,79,68
USW00094728,7/10/15,84,72
USW00094728,7/11/15,88,69
USW00094728,7/12/15,89,72
USW00094728,7/13/15,88,73
USW00094728,7/14/15,82,73
USW00094728,7/15/15,81,72
USW00094728,7/16/15,80,64
USW00094728,7/17/15,81,67
USW00094728,7/18/15,85,71
USW00094728,7/19/15,93,78
USW00094728,7/20/15,94,82
USW00094728,7/21/15,89,74
USW00094728,7/22/15,85,69
USW00094728,7/23/15,86,68
USW00094728,7/24/15,87,70
USW00094728,7/25/15,88,69
USW00094728,7/26/15,90,74
USW00094728,7/27/15,86,71
USW00094728,7/28/15,95,75
USW00094728,7/29/15,96,78
USW00094728,7/30/15,87,76
USW00094728,7/31/15,89,72
USW00094728,8/1/15,89,75
USW00094728,8/2/15,89,71
USW00094728,8/3/15,90,75
USW00094728,8/4/15,89,69
USW00094728,8/5/15,87,72
USW00094728,8/6/15,83,67
USW00094728,8/7/15,84,69
USW00094728,8/8/15,82,68
USW00094728,8/9/15,85,68
USW00094728,8/10/15,84,70
USW00094728,8/11/15,81,71
USW00094728,8/12/15,85,71
USW00094728,8/13/15,83,67
USW00094728,8/14/15,88,67
USW00094728,8/15/15,92,73
USW00094728,8/16/15,93,76
USW00094728,8/17/15,95,78
USW00094728,8/18/15,90,73
USW00094728,8/19/15,87,77
USW00094728,8/20/15,86,77
USW00094728,8/21/15,87,71
USW00094728,8/22/15,86,69
USW00094728,8/23/15,85,70
USW00094728,8/24/15,87,73
USW00094728,8/25/15,90,73
USW00094728,8/26/15,85,67
USW00094728,8/27/15,82,67
USW00094728,8/28/15,82,63
USW00094728,8/29/15,87,67
USW00094728,8/30/15,90,72
USW00094728,8/31/15,91,76
USW00094728,9/1/15,90,76
USW00094728,9/2/15,91,74
USW00094728,9/3/15,93,74
USW00094728,9/4/15,85,72
USW00094728,9/5/15,83,67
USW00094728,9/6/15,87,65
USW00094728,9/7/15,92,70
USW00094728,9/8/15,97,76
USW00094728,9/9/15,90,76
USW00094728,9/10/15,79,70
USW00094728,9/11/15,81,66
USW00094728,9/12/15,79,69
USW00094728,9/13/15,80,62
USW00094728,9/14/15,77,59
USW00094728,9/15/15,84,62
USW00094728,9/16/15,88,66
USW00094728,9/17/15,89,68
USW00094728,9/18/15,87,68
USW00094728,9/19/15,83,68
USW00094728,9/20/15,79,64
USW00094728,9/21/15,73,59
USW00094728,9/22/15,71,62
USW00094728,9/23/15,80,59
USW00094728,9/24/15,82,60
USW00094728,9/25/15,76,63
USW00094728,9/26/15,72,61
USW00094728,9/27/15,71,56
USW00094728,9/28/15,78,65
USW00094728,9/29/15,83,72
USW00094728,9/30/15,79,59
USW00094728,10/1/15,64,56
USW00094728,10/2/15,57,48
USW00094728,10/3/15,55,49
USW00094728,10/4/15,63,53
USW00094728,10/5/15,67,52
USW00094728,10/6/15,73,52
USW00094728,10/7/15,73,58
USW00094728,10/8/15,72,59
USW00094728,10/9/15,78,61
USW00094728,10/10/15,65,50
USW00094728,10/11/15,69,53
USW00094728,10/12/15,77,56
USW00094728,10/13/15,72,61
USW00094728,10/14/15,69,57
USW00094728,10/15/15,64,51
USW00094728,10/16/15,64,53
USW00094728,10/17/15,56,42
USW00094728,10/18/15,50,38
USW00094728,10/19/15,53,35
USW00094728,10/20/15,70,48
USW00094728,10/21/15,76,57
USW00094728,10/22/15,75,58
USW00094728,10/23/15,65,45
USW00094728,10/24/15,57,40
USW00094728,10/25/15,68,48
USW00094728,10/26/15,58,46
USW00094728,10/27/15,59,45
USW00094728,10/28/15,69,53
USW00094728,10/29/15,73,57
USW00094728,10/30/15,61,48
USW00094728,10/31/15,56,42
USW00094728,11/1/15,65,54
USW00094728,11/2/15,63,54
USW00094728,11/3/15,72,48
USW00094728,11/4/15,70,56
USW00094728,11/5/15,71,56
USW00094728,11/6/15,74,66
USW00094728,11/7/15,72,53
USW00094728,11/8/15,56,46
USW00094728,11/9/15,59,43
USW00094728,11/10/15,57,51
USW00094728,11/11/15,58,49
USW00094728,11/12/15,61,51
USW00094728,11/13/15,58,46
USW00094728,11/14/15,49,42
USW00094728,11/15/15,58,39
USW00094728,11/16/15,67,51
USW00094728,11/17/15,52,40
USW00094728,11/18/15,58,46
USW00094728,11/19/15,64,57
USW00094728,11/20/15,64,46
USW00094728,11/21/15,53,42
USW00094728,11/22/15,55,42
USW00094728,11/23/15,44,33
USW00094728,11/24/15,46,32
USW00094728,11/25/15,50,36
USW00094728,11/26/15,60,41
USW00094728,11/27/15,64,51
USW00094728,11/28/15,64,45
USW00094728,11/29/15,49,38
USW00094728,11/30/15,47,33
USW00094728,12/1/15,51,44
USW00094728,12/2/15,57,46
USW00094728,12/3/15,55,44
USW00094728,12/4/15,51,42
USW00094728,12/5/15,51,40
USW00094728,12/6/15,53,39
USW00094728,12/7/15,54,42
USW00094728,12/8/15,49,41
USW00094728,12/9/15,55,40
USW00094728,12/10/15,60,51
USW00094728,12/11/15,61,50
USW00094728,12/12/15,66,55
USW00094728,12/13/15,67,55
USW00094728,12/14/15,67,53
USW00094728,12/15/15,68,53
USW00094728,12/16/15,53,46
USW00094728,12/17/15,59,50
USW00094728,12/18/15,57,38
USW00094728,12/19/15,40,35
USW00094728,12/20/15,43,34
USW00094728,12/21/15,56,39
USW00094728,12/22/15,62,53
USW00094728,12/23/15,64,52
USW00094728,12/24/15,72,63
USW00094728,12/25/15,66,57
USW00094728,12/26/15,59,47
USW00094728,12/27/15,61,46
USW00094728,12/28/15,46,34
USW00094728,12/29/15,46,34
USW00094728,12/30/15,48,38
USW00094728,12/31/15,48,42
USW00094728,1/1/16,42,34
USW00094728,1/2/16,40,32
USW00094728,1/3/16,45,35
USW00094728,1/4/16,36,14
USW00094728,1/5/16,29,11
USW00094728,1/6/16,41,25
USW00094728,1/7/16,46,31
USW00094728,1/8/16,46,31
USW00094728,1/9/16,47,40
USW00094728,1/10/16,59,40
USW00094728,1/11/16,40,26
USW00094728,1/12/16,44,25
USW00094728,1/13/16,30,22
USW00094728,1/14/16,38,22
USW00094728,1/15/16,51,34
USW00094728,1/16/16,52,42
USW00094728,1/17/16,42,30
USW00094728,1/18/16,31,18
USW00094728,1/19/16,28,16
USW00094728,1/20/16,37,27
USW00094728,1/21/16,36,26
USW00094728,1/22/16,30,21
USW00094728,1/23/16,27,24
USW00094728,1/24/16,35,20
USW00094728,1/25/16,39,28
USW00094728,1/26/16,48,38
USW00094728,1/27/16,47,34
USW00094728,1/28/16,42,32
USW00094728,1/29/16,41,30
USW00094728,1/30/16,39,28
USW00094728,1/31/16,56,36
USW00094728,2/1/16,59,44
USW00094728,2/2/16,50,38
USW00094728,2/3/16,59,42
USW00094728,2/4/16,59,44
USW00094728,2/5/16,44,31
USW00094728,2/6/16,40,30
USW00094728,2/7/16,47,33
USW00094728,2/8/16,39,28
USW00094728,2/9/16,36,27
USW00094728,2/10/16,39,31
USW00094728,2/11/16,31,18
USW00094728,2/12/16,27,15
USW00094728,2/13/16,22,6
USW00094728,2/14/16,15,-1
USW00094728,2/15/16,35,13
USW00094728,2/16/16,54,35
USW00094728,2/17/16,39,35
USW00094728,2/18/16,36,27
USW00094728,2/19/16,39,24
USW00094728,2/20/16,61,39
USW00094728,2/21/16,55,44
USW00094728,2/22/16,52,38
USW00094728,2/23/16,40,35
USW00094728,2/24/16,60,36
USW00094728,2/25/16,61,37
USW00094728,2/26/16,39,27
USW00094728,2/27/16,41,26
USW00094728,2/28/16,60,38
USW00094728,2/29/16,61,47
USW00094728,3/1/16,52,39
USW00094728,3/2/16,55,29
USW00094728,3/3/16,36,26
USW00094728,3/4/16,39,30
USW00094728,3/5/16,41,28
USW00094728,3/6/16,44,32
USW00094728,3/7/16,60,36
USW00094728,3/8/16,67,47
USW00094728,3/9/16,77,44
USW00094728,3/10/16,79,63
USW00094728,3/11/16,68,48
USW00094728,3/12/16,59,40
USW00094728,3/13/16,62,50
USW00094728,3/14/16,51,40
USW00094728,3/15/16,57,44
USW00094728,3/16/16,65,48
USW00094728,3/17/16,63,45
USW00094728,3/18/16,57,42
USW00094728,3/19/16,46,36
USW00094728,3/20/16,43,32
USW00094728,3/21/16,50,32
USW00094728,3/22/16,56,35
USW00094728,3/23/16,71,48
USW00094728,3/24/16,55,44
USW00094728,3/25/16,72,44
USW00094728,3/26/16,55,38
USW00094728,3/27/16,55,43
USW00094728,3/28/16,62,42
USW00094728,3/29/16,53,40
USW00094728,3/30/16,56,37
USW00094728,3/31/16,73,49
USW00094728,4/1/16,79,61
USW00094728,4/2/16,61,49
USW00094728,4/3/16,50,34
USW00094728,4/4/16,45,29
USW00094728,4/5/16,43,26
USW00094728,4/6/16,48,30
USW00094728,4/7/16,58,48
USW00094728,4/8/16,50,40
USW00094728,4/9/16,43,36
USW00094728,4/10/16,50,31
USW00094728,4/11/16,65,43
USW00094728,4/12/16,59,45
USW00094728,4/13/16,58,40
USW00094728,4/14/16,62,43
USW00094728,4/15/16,65,42
USW00094728,4/16/16,68,43
USW00094728,4/17/16,75,44
USW00094728,4/18/16,82,51
USW00094728,4/19/16,73,55
USW00094728,4/20/16,69,49
USW00094728,4/21/16,73,49
USW00094728,4/22/16,79,62
USW00094728,4/23/16,71,54
USW00094728,4/24/16,68,47
USW00094728,4/25/16,69,50
USW00094728,4/26/16,60,47
USW00094728,4/27/16,62,46
USW00094728,4/28/16,59,48
USW00094728,4/29/16,58,45
USW00094728,4/30/16,65,46
USW00094728,5/1/16,51,45
USW00094728,5/2/16,60,45
USW00094728,5/3/16,56,51
USW00094728,5/4/16,52,48
USW00094728,5/5/16,57,46
USW00094728,5/6/16,54,48
USW00094728,5/7/16,60,48
USW00094728,5/8/16,66,49
USW00094728,5/9/16,72,52
USW00094728,5/10/16,63,50
USW00094728,5/11/16,76,50
USW00094728,5/12/16,80,56
USW00094728,5/13/16,65,57
USW00094728,5/14/16,73,56
USW00094728,5/15/16,59,46
USW00094728,5/16/16,66,43
USW00094728,5/17/16,64,52
USW00094728,5/18/16,68,52
USW00094728,5/19/16,73,54
USW00094728,5/20/16,76,53
USW00094728,5/21/16,66,54
USW00094728,5/22/16,70,52
USW00094728,5/23/16,78,56
USW00094728,5/24/16,73,58
USW00094728,5/25/16,88,61
USW00094728,5/26/16,90,69
USW00094728,5/27/16,87,73
USW00094728,5/28/16,92,71
USW00094728,5/29/16,87,70
USW00094728,5/30/16,82,68
USW00094728,5/31/16,85,71
USW00094728,6/1/16,83,66
USW00094728,6/2/16,78,62
USW00094728,6/3/16,70,63
USW00094728,6/4/16,83,66
USW00094728,6/5/16,71,65
USW00094728,6/6/16,83,65
USW00094728,6/7/16,85,64
USW00094728,6/8/16,67,52
USW00094728,6/9/16,71,54
USW00094728,6/10/16,77,57
USW00094728,6/11/16,88,59
USW00094728,6/12/16,83,62
USW00094728,6/13/16,74,57
USW00094728,6/14/16,79,58
USW00094728,6/15/16,85,62
USW00094728,6/16/16,74,65
USW00094728,6/17/16,78,63
USW00094728,6/18/16,87,61
USW00094728,6/19/16,88,66
USW00094728,6/20/16,84,64
USW00094728,6/21/16,87,72
USW00094728,6/22/16,86,68
USW00094728,6/23/16,83,69
USW00094728,6/24/16,84,67
USW00094728,6/25/16,86,64
USW00094728,6/26/16,87,67
USW00094728,6/27/16,83,67
USW00094728,6/28/16,76,68
USW00094728,6/29/16,83,67
USW00094728,6/30/16,85,67
USW00094728,7/1/16,79,66
USW00094728,7/2/16,76,63
USW00094728,7/3/16,78,64
USW00094728,7/4/16,84,66
USW00094728,7/5/16,86,69
USW00094728,7/6/16,91,75
USW00094728,7/7/16,89,77
USW00094728,7/8/16,86,67
USW00094728,7/9/16,72,65
USW00094728,7/10/16,80,66
USW00094728,7/11/16,81,65
USW00094728,7/12/16,82,68
USW00094728,7/13/16,85,71
USW00094728,7/14/16,88,73
USW00094728,7/15/16,88,79
USW00094728,7/16/16,90,75
USW00094728,7/17/16,89,75
USW00094728,7/18/16,93,72
USW00094728,7/19/16,83,73
USW00094728,7/20/16,85,68
USW00094728,7/21/16,90,71
USW00094728,7/22/16,94,74
USW00094728,7/23/16,96,80
USW00094728,7/24/16,94,75
USW00094728,7/25/16,93,73
USW00094728,7/26/16,89,72
USW00094728,7/27/16,91,74
USW00094728,7/28/16,95,75
USW00094728,7/29/16,85,69
USW00094728,7/30/16,84,73
USW00094728,7/31/16,78,71
USW00094728,8/1/16,80,69
USW00094728,8/2/16,79,68
USW00094728,8/3/16,80,66
USW00094728,8/4/16,81,67
USW00094728,8/5/16,83,69
USW00094728,8/6/16,87,72
USW00094728,8/7/16,86,70
USW00094728,8/8/16,86,71
USW00094728,8/9/16,87,71
USW00094728,8/10/16,86,75
USW00094728,8/11/16,91,74
USW00094728,8/12/16,93,73
USW00094728,8/13/16,96,81
USW00094728,8/14/16,94,78
USW00094728,8/15/16,92,77
USW00094728,8/16/16,87,78
USW00094728,8/17/16,85,77
USW00094728,8/18/16,85,72
USW00094728,8/19/16,88,74
USW00094728,8/20/16,83,70
USW00094728,8/21/16,86,73
USW00094728,8/22/16,79,65
USW00094728,8/23/16,82,61
USW00094728,8/24/16,88,68
USW00094728,8/25/16,86,69
USW00094728,8/26/16,90,75
USW00094728,8/27/16,89,73
USW00094728,8/28/16,89,72
USW00094728,8/29/16,91,74
USW00094728,8/30/16,86,69
USW00094728,8/31/16,89,74
USW00094728,9/1/16,79,69
USW00094728,9/2/16,81,66
USW00094728,9/3/16,75,66
USW00094728,9/4/16,80,65
USW00094728,9/5/16,84,65
USW00094728,9/6/16,80,71
USW00094728,9/7/16,85,71
USW00094728,9/8/16,89,71
USW00094728,9/9/16,91,75
USW00094728,9/10/16,90,74
USW00094728,9/11/16,83,67
USW00094728,9/12/16,78,62
USW00094728,9/13/16,83,64
USW00094728,9/14/16,91,67
USW00094728,9/15/16,74,61
USW00094728,9/16/16,73,61
USW00094728,9/17/16,77,59
USW00094728,9/18/16,82,70
USW00094728,9/19/16,76,69
USW00094728,9/20/16,82,68
USW00094728,9/21/16,84,68
USW00094728,9/22/16,86,65
USW00094728,9/23/16,87,64
USW00094728,9/24/16,71,58
USW00094728,9/25/16,70,54
USW00094728,9/26/16,74,54
USW00094728,9/27/16,74,64
USW00094728,9/28/16,69,56
USW00094728,9/29/16,64,57
USW00094728,9/30/16,59,56
USW00094728,10/1/16,62,56
USW00094728,10/2/16,63,57
USW00094728,10/3/16,72,60
USW00094728,10/4/16,69,60
USW00094728,10/5/16,67,53
USW00094728,10/6/16,73,55
USW00094728,10/7/16,75,57
USW00094728,10/8/16,68,58
USW00094728,10/9/16,65,51
USW00094728,10/10/16,64,47
USW00094728,10/11/16,63,46
USW00094728,10/12/16,66,53
USW00094728,10/13/16,67,53
USW00094728,10/14/16,62,47
USW00094728,10/15/16,65,45
USW00094728,10/16/16,69,53
USW00094728,10/17/16,81,63
USW00094728,10/18/16,81,67
USW00094728,10/19/16,85,65
USW00094728,10/20/16,70,62
USW00094728,10/21/16,69,57
USW00094728,10/22/16,57,47
USW00094728,10/23/16,61,45
USW00094728,10/24/16,62,47
USW00094728,10/25/16,52,43
USW00094728,10/26/16,51,38
USW00094728,10/27/16,55,40
USW00094728,10/28/16,51,42
USW00094728,10/29/16,64,39
USW00094728,10/30/16,76,54
USW00094728,10/31/16,54,44
USW00094728,11/1/16,58,40
USW00094728,11/2/16,70,54
USW00094728,11/3/16,72,57
USW00094728,11/4/16,61,47
USW00094728,11/5/16,62,44
USW00094728,11/6/16,59,45
USW00094728,11/7/16,53,41
USW00094728,11/8/16,66,41
USW00094728,11/9/16,59,49
USW00094728,11/10/16,56,40
USW00094728,11/11/16,63,41
USW00094728,11/12/16,50,37
USW00094728,11/13/16,61,41
USW00094728,11/14/16,62,46
USW00094728,11/15/16,56,47
USW00094728,11/16/16,61,45
USW00094728,11/17/16,61,49
USW00094728,11/18/16,64,44
USW00094728,11/19/16,63,37
USW00094728,11/20/16,42,34
USW00094728,11/21/16,41,36
USW00094728,11/22/16,41,37
USW00094728,11/23/16,45,35
USW00094728,11/24/16,48,38
USW00094728,11/25/16,54,45
USW00094728,11/26/16,50,40
USW00094728,11/27/16,50,39
USW00094728,11/28/16,52,38
USW00094728,11/29/16,60,51
USW00094728,11/30/16,58,50
USW00094728,12/1/16,54,42
USW00094728,12/2/16,51,40
USW00094728,12/3/16,47,41
USW00094728,12/4/16,47,39
USW00094728,12/5/16,49,38
USW00094728,12/6/16,46,37
USW00094728,12/7/16,46,40
USW00094728,12/8/16,45,35
USW00094728,12/9/16,39,29
USW00094728,12/10/16,35,28
USW00094728,12/11/16,35,28
USW00094728,12/12/16,46,34
USW00094728,12/13/16,43,35
USW00094728,12/14/16,42,34
USW00094728,12/15/16,34,19
USW00094728,12/16/16,27,17
USW00094728,12/17/16,39,24
USW00094728,12/18/16,58,31
USW00094728,12/19/16,31,23
USW00094728,12/20/16,33,20
USW00094728,12/21/16,40,30
USW00094728,12/22/16,49,37
USW00094728,12/23/16,47,38
USW00094728,12/24/16,47,38
USW00094728,12/25/16,50,36
USW00094728,12/26/16,50,33
USW00094728,12/27/16,60,40
USW00094728,12/28/16,40,34
USW00094728,12/29/16,46,33
USW00094728,12/30/16,40,33
USW00094728,12/31/16,44,31
USW00094728,1/1/17,48,40
USW00094728,1/2/17,41,37
USW00094728,1/3/17,43,39
USW00094728,1/4/17,52,34
USW00094728,1/5/17,34,27
USW00094728,1/6/17,33,25
USW00094728,1/7/17,26,20
USW00094728,1/8/17,25,16
USW00094728,1/9/17,23,14
USW00094728,1/10/17,46,21
USW00094728,1/11/17,52,42
USW00094728,1/12/17,66,47
USW00094728,1/13/17,62,32
USW00094728,1/14/17,34,28
USW00094728,1/15/17,38,30
USW00094728,1/16/17,43,30
USW00094728,1/17/17,42,38
USW00094728,1/18/17,41,38
USW00094728,1/19/17,49,39
USW00094728,1/20/17,45,40
USW00094728,1/21/17,49,41
USW00094728,1/22/17,48,43
USW00094728,1/23/17,44,36
USW00094728,1/24/17,38,35
USW00094728,1/25/17,51,36
USW00094728,1/26/17,56,43
USW00094728,1/27/17,43,36
USW00094728,1/28/17,39,34
USW00094728,1/29/17,43,35
USW00094728,1/30/17,37,30
USW00094728,1/31/17,34,26
USW00094728,2/1/17,47,33
USW00094728,2/2/17,45,32
USW00094728,2/3/17,33,26
USW00094728,2/4/17,34,22
USW00094728,2/5/17,43,31
USW00094728,2/6/17,49,36
USW00094728,2/7/17,42,36
USW00094728,2/8/17,62,38
USW00094728,2/9/17,44,19
USW00094728,2/10/17,32,19
USW00094728,2/11/17,48,30
USW00094728,2/12/17,40,30
USW00094728,2/13/17,39,31
USW00094728,2/14/17,41,28
USW00094728,2/15/17,47,35
USW00094728,2/16/17,35,28
USW00094728,2/17/17,41,26
USW00094728,2/18/17,63,35
USW00094728,2/19/17,65,53
USW00094728,2/20/17,55,39
USW00094728,2/21/17,47,34
USW00094728,2/22/17,57,42
USW00094728,2/23/17,65,44
USW00094728,2/24/17,70,58
USW00094728,2/25/17,63,44
USW00094728,2/26/17,44,36
USW00094728,2/27/17,54,35
USW00094728,2/28/17,59,47
USW00094728,3/1/17,70,54
USW00094728,3/2/17,64,35
USW00094728,3/3/17,39,24
USW00094728,3/4/17,30,17
USW00094728,3/5/17,37,14
USW00094728,3/6/17,45,26
USW00094728,3/7/17,56,42
USW00094728,3/8/17,59,47
USW00094728,3/9/17,61,47
USW00094728,3/10/17,47,23
USW00094728,3/11/17,29,17
USW00094728,3/12/17,29,19
USW00094728,3/13/17,36,20
USW00094728,3/14/17,32,21
USW00094728,3/15/17,26,20
USW00094728,3/16/17,39,24
USW00094728,3/17/17,47,29
USW00094728,3/18/17,39,34
USW00094728,3/19/17,47,34
USW00094728,3/20/17,52,33
USW00094728,3/21/17,59,42
USW00094728,3/22/17,50,24
USW00094728,3/23/17,42,23
USW00094728,3/24/17,57,36
USW00094728,3/25/17,62,42
USW00094728,3/26/17,42,37
USW00094728,3/27/17,53,37
USW00094728,3/28/17,46,41
USW00094728,3/29/17,60,42
USW00094728,3/30/17,52,38
USW00094728,3/31/17,43,37
USW00094728,4/1/17,48,37
USW00094728,4/2/17,63,40
USW00094728,4/3/17,63,48
USW00094728,4/4/17,51,45
USW00094728,4/5/17,65,45
USW00094728,4/6/17,53,40
USW00094728,4/7/17,51,40
USW00094728,4/8/17,57,40
USW00094728,4/9/17,67,45
USW00094728,4/10/17,74,53
USW00094728,4/11/17,80,61
USW00094728,4/12/17,76,58
USW00094728,4/13/17,65,48
USW00094728,4/14/17,66,48
USW00094728,4/15/17,65,51
USW00094728,4/16/17,87,59
USW00094728,4/17/17,74,58
USW00094728,4/18/17,65,47
USW00094728,4/19/17,54,45
USW00094728,4/20/17,66,50
USW00094728,4/21/17,53,48
USW00094728,4/22/17,57,49
USW00094728,4/23/17,66,46
USW00094728,4/24/17,60,48
USW00094728,4/25/17,54,49
USW00094728,4/26/17,60,53
USW00094728,4/27/17,70,57
USW00094728,4/28/17,85,58
USW00094728,4/29/17,85,64
USW00094728,4/30/17,67,52
USW00094728,5/1/17,74,49
USW00094728,5/2/17,75,62
USW00094728,5/3/17,65,51
USW00094728,5/4/17,64,47
USW00094728,5/5/17,59,51
USW00094728,5/6/17,67,52
USW00094728,5/7/17,56,47
USW00094728,5/8/17,57,44
USW00094728,5/9/17,63,47
USW00094728,5/10/17,63,49
USW00094728,5/11/17,62,51
USW00094728,5/12/17,65,48
USW00094728,5/13/17,53,45
USW00094728,5/14/17,67,46
USW00094728,5/15/17,68,53
USW00094728,5/16/17,79,56
USW00094728,5/17/17,90,65
USW00094728,5/18/17,92,75
USW00094728,5/19/17,91,66
USW00094728,5/20/17,65,55
USW00094728,5/21/17,69,52
USW00094728,5/22/17,61,53
USW00094728,5/23/17,69,56
USW00094728,5/24/17,69,56
USW00094728,5/25/17,59,56
USW00094728,5/26/17,73,56
USW00094728,5/27/17,71,59
USW00094728,5/28/17,71,58
USW00094728,5/29/17,61,56
USW00094728,5/30/17,60,55
USW00094728,5/31/17,75,58
USW00094728,6/1/17,79,59
USW00094728,6/2/17,76,57
USW00094728,6/3/17,73,55
USW00094728,6/4/17,70,56
USW00094728,6/5/17,67,58
USW00094728,6/6/17,58,52
USW00094728,6/7/17,67,51
USW00094728,6/8/17,69,55
USW00094728,6/9/17,80,53
USW00094728,6/10/17,85,66
USW00094728,6/11/17,90,72
USW00094728,6/12/17,93,76
USW00094728,6/13/17,94,77
USW00094728,6/14/17,84,69
USW00094728,6/15/17,76,64
USW00094728,6/16/17,68,63
USW00094728,6/17/17,74,66
USW00094728,6/18/17,85,70
USW00094728,6/19/17,88,70
USW00094728,6/20/17,83,71
USW00094728,6/21/17,83,71
USW00094728,6/22/17,83,68
USW00094728,6/23/17,83,76
USW00094728,6/24/17,84,71
USW00094728,6/25/17,83,68
USW00094728,6/26/17,79,64
USW00094728,6/27/17,77,60
USW00094728,6/28/17,78,61
USW00094728,6/29/17,82,68
USW00094728,6/30/17,88,73
USW00094728,7/1/17,85,71
USW00094728,7/2/17,87,72
USW00094728,7/3/17,88,71
USW00094728,7/4/17,85,70
USW00094728,7/5/17,85,70
USW00094728,7/6/17,77,71
USW00094728,7/7/17,80,68
USW00094728,7/8/17,84,69
USW00094728,7/9/17,81,67
USW00094728,7/10/17,84,68
USW00094728,7/11/17,85,75
USW00094728,7/12/17,88,77
USW00094728,7/13/17,90,73
USW00094728,7/14/17,73,65
USW00094728,7/15/17,84,68
USW00094728,7/16/17,87,68
USW00094728,7/17/17,85,73
USW00094728,7/18/17,88,73
USW00094728,7/19/17,92,77
USW00094728,7/20/17,94,77
USW00094728,7/21/17,92,76
USW00094728,7/22/17,92,71
USW00094728,7/23/17,79,71
USW00094728,7/24/17,73,63
USW00094728,7/25/17,71,62
USW00094728,7/26/17,77,65
USW00094728,7/27/17,78,65
USW00094728,7/28/17,85,71
USW00094728,7/29/17,77,67
USW00094728,7/30/17,82,64
USW00094728,7/31/17,88,66
USW00094728,8/1/17,92,71
USW00094728,8/2/17,86,69
USW00094728,8/3/17,87,68
USW00094728,8/4/17,84,69
USW00094728,8/5/17,78,69
USW00094728,8/6/17,76,64
USW00094728,8/7/17,71,64
USW00094728,8/8/17,78,65
USW00094728,8/9/17,85,64
USW00094728,8/10/17,83,68
USW00094728,8/11/17,82,69
USW00094728,8/12/17,77,64
USW00094728,8/13/17,83,71
USW00094728,8/14/17,80,70
USW00094728,8/15/17,74,68
USW00094728,8/16/17,87,70
USW00094728,8/17/17,83,69
USW00094728,8/18/17,82,73
USW00094728,8/19/17,86,73
USW00094728,8/20/17,81,69
USW00094728,8/21/17,87,71
USW00094728,8/22/17,89,72
USW00094728,8/23/17,81,70
USW00094728,8/24/17,80,65
USW00094728,8/25/17,78,63
USW00094728,8/26/17,78,62
USW00094728,8/27/17,78,63
USW00094728,8/28/17,76,63
USW00094728,8/29/17,68,61
USW00094728,8/30/17,78,60
USW00094728,8/31/17,81,64
USW00094728,9/1/17,71,55
USW00094728,9/2/17,68,54
USW00094728,9/3/17,69,59
USW00094728,9/4/17,80,61
USW00094728,9/5/17,85,69
USW00094728,9/6/17,72,61
USW00094728,9/7/17,71,59
USW00094728,9/8/17,71,58
USW00094728,9/9/17,70,55
USW00094728,9/10/17,72,57
USW00094728,9/11/17,76,55
USW00094728,9/12/17,78,59
USW00094728,9/13/17,83,64
USW00094728,9/14/17,81,70
USW00094728,9/15/17,81,67
USW00094728,9/16/17,82,70
USW00094728,9/17/17,81,68
USW00094728,9/18/17,73,68
USW00094728,9/19/17,78,69
USW00094728,9/20/17,79,71
USW00094728,9/21/17,80,71
USW00094728,9/22/17,82,66
USW00094728,9/23/17,87,68
USW00094728,9/24/17,91,69
USW00094728,9/25/17,88,70
USW00094728,9/26/17,84,68
USW00094728,9/27/17,87,69
USW00094728,9/28/17,79,59
USW00094728,9/29/17,68,55
USW00094728,9/30/17,66,54
USW00094728,10/1/17,68,50
USW00094728,10/2/17,73,52
USW00094728,10/3/17,71,57
USW00094728,10/4/17,75,56
USW00094728,10/5/17,83,65
USW00094728,10/6/17,82,68
USW00094728,10/7/17,81,66
USW00094728,10/8/17,77,72
USW00094728,10/9/17,77,71
USW00094728,10/10/17,81,66
USW00094728,10/11/17,77,60
USW00094728,10/12/17,64,55
USW00094728,10/13/17,67,52
USW00094728,10/14/17,72,61
USW00094728,10/15/17,74,65
USW00094728,10/16/17,69,46
USW00094728,10/17/17,58,42
USW00094728,10/18/17,72,50
USW00094728,10/19/17,71,56
USW00094728,10/20/17,73,57
USW00094728,10/21/17,78,56
USW00094728,10/22/17,76,57
USW00094728,10/23/17,74,61
USW00094728,10/24/17,74,67
USW00094728,10/25/17,67,57
USW00094728,10/26/17,58,50
USW00094728,10/27/17,62,47
USW00094728,10/28/17,69,55
USW00094728,10/29/17,67,60
USW00094728,10/30/17,61,46
USW00094728,10/31/17,57,45
USW00094728,11/1/17,59,43
USW00094728,11/2/17,72,58
USW00094728,11/3/17,74,51
USW00094728,11/4/17,56,46
USW00094728,11/5/17,61,51
USW00094728,11/6/17,66,46
USW00094728,11/7/17,49,40
USW00094728,11/8/17,49,39
USW00094728,11/9/17,55,39
USW00094728,11/10/17,51,25
USW00094728,11/11/17,38,24
USW00094728,11/12/17,46,32
USW00094728,11/13/17,47,39
USW00094728,11/14/17,48,35
USW00094728,11/15/17,51,37
USW00094728,11/16/17,57,43
USW00094728,11/17/17,47,37
USW00094728,11/18/17,56,34
USW00094728,11/19/17,59,38
USW00094728,11/20/17,47,36
USW00094728,11/21/17,58,42
USW00094728,11/22/17,56,35
USW00094728,11/23/17,43,31
USW00094728,11/24/17,50,35
USW00094728,11/25/17,57,43
USW00094728,11/26/17,51,40
USW00094728,11/27/17,51,39
USW00094728,11/28/17,54,36
USW00094728,11/29/17,63,42
USW00094728,11/30/17,53,38
USW00094728,12/1/17,52,42
USW00094728,12/2/17,48,39
USW00094728,12/3/17,48,42
USW00094728,12/4/17,51,40
USW00094728,12/5/17,61,50
USW00094728,12/6/17,59,40
USW00094728,12/7/17,44,37
USW00094728,12/8/17,39,34
USW00094728,12/9/17,35,30
USW00094728,12/10/17,39,29
USW00094728,12/11/17,41,33
USW00094728,12/12/17,50,29
USW00094728,12/13/17,31,20
USW00094728,12/14/17,32,22
USW00094728,12/15/17,28,20
USW00094728,12/16/17,39,23
USW00094728,12/17/17,38,32
USW00094728,12/18/17,47,34
USW00094728,12/19/17,55,45
USW00094728,12/20/17,51,34
USW00094728,12/21/17,39,32
USW00094728,12/22/17,50,35
USW00094728,12/23/17,48,38
USW00094728,12/24/17,41,36
USW00094728,12/25/17,38,28
USW00094728,12/26/17,28,23
USW00094728,12/27/17,24,17
USW00094728,12/28/17,18,11
USW00094728,12/29/17,22,11
USW00094728,12/30/17,23,17
USW00094728,12/31/17,21,9
USW00094728,1/1/18,19,7
USW00094728,1/2/18,26,13
USW00094728,1/3/18,30,16
USW00094728,1/4/18,29,19
USW00094728,1/5/18,19,9
USW00094728,1/6/18,13,6
USW00094728,1/7/18,18,5
USW00094728,1/8/18,31,17
USW00094728,1/9/18,44,30
USW00094728,1/10/18,43,30
USW00094728,1/11/18,53,41
USW00094728,1/12/18,61,44
USW00094728,1/13/18,58,19
USW00094728,1/14/18,25,15
USW00094728,1/15/18,30,16
USW00094728,1/16/18,36,25
USW00094728,1/17/18,36,22
USW00094728,1/18/18,32,18
USW00094728,1/19/18,41,24
USW00094728,1/20/18,52,38
USW00094728,1/21/18,50,42
USW00094728,1/22/18,49,38
USW00094728,1/23/18,60,38
USW00094728,1/24/18,44,27
USW00094728,1/25/18,34,23
USW00094728,1/26/18,38,26
USW00094728,1/27/18,56,35
USW00094728,1/28/18,55,46
USW00094728,1/29/18,47,35
USW00094728,1/30/18,36,24
USW00094728,1/31/18,33,18
USW00094728,2/1/18,45,32
USW00094728,2/2/18,41,17
USW00094728,2/3/18,31,16
USW00094728,2/4/18,46,30
USW00094728,2/5/18,40,26
USW00094728,2/6/18,37,26
USW00094728,2/7/18,45,30
USW00094728,2/8/18,33,25
USW00094728,2/9/18,39,26
USW00094728,2/10/18,50,39
USW00094728,2/11/18,62,45
USW00094728,2/12/18,62,32
USW00094728,2/13/18,38,26
USW00094728,2/14/18,53,35
USW00094728,2/15/18,62,46
USW00094728,2/16/18,58,36
USW00094728,2/17/18,40,28
USW00094728,2/18/18,44,33
USW00094728,2/19/18,49,36
USW00094728,2/20/18,67,47
USW00094728,2/21/18,78,55
USW00094728,2/22/18,59,37
USW00094728,2/23/18,42,36
USW00094728,2/24/18,55,42
USW00094728,2/25/18,44,40
USW00094728,2/26/18,52,43
USW00094728,2/27/18,56,39
USW00094728,2/28/18,61,42
USW00094728,3/1/18,60,44
USW00094728,3/2/18,44,34
USW00094728,3/3/18,49,36
USW00094728,3/4/18,44,34
USW00094728,3/5/18,43,33
USW00094728,3/6/18,47,32
USW00094728,3/7/18,39,33
USW00094728,3/8/18,39,33
USW00094728,3/9/18,42,30
USW00094728,3/10/18,40,31
USW00094728,3/11/18,45,32
USW00094728,3/12/18,43,32
USW00094728,3/13/18,40,33
USW00094728,3/14/18,41,31
USW00094728,3/15/18,48,32
USW00094728,3/16/18,40,30
USW00094728,3/17/18,48,27
USW00094728,3/18/18,43,28
USW00094728,3/19/18,47,33
USW00094728,3/20/18,39,30
USW00094728,3/21/18,39,31
USW00094728,3/22/18,50,32
USW00094728,3/23/18,49,35
USW00094728,3/24/18,51,35
USW00094728,3/25/18,45,33
USW00094728,3/26/18,50,34
USW00094728,3/27/18,47,34
USW00094728,3/28/18,52,38
USW00094728,3/29/18,53,49
USW00094728,3/30/18,62,44
USW00094728,3/31/18,58,39
USW00094728,4/1/18,60,43
USW00094728,4/2/18,43,33
USW00094728,4/3/18,43,39
USW00094728,4/4/18,56,40
USW00094728,4/5/18,45,34
USW00094728,4/6/18,62,37
USW00094728,4/7/18,49,37
USW00094728,4/8/18,46,32
USW00094728,4/9/18,49,32
USW00094728,4/10/18,51,38
USW00094728,4/11/18,51,37
USW00094728,4/12/18,63,46
USW00094728,4/13/18,82,60
USW00094728,4/14/18,77,44
USW00094728,4/15/18,44,38
USW00094728,4/16/18,60,39
USW00094728,4/17/18,47,39
USW00094728,4/18/18,55,37
USW00094728,4/19/18,49,38
USW00094728,4/20/18,50,37
USW00094728,4/21/18,63,39
USW00094728,4/22/18,67,44
USW00094728,4/23/18,68,46
USW00094728,4/24/18,66,46
USW00094728,4/25/18,60,52
USW00094728,4/26/18,70,55
USW00094728,4/27/18,59,51
USW00094728,4/28/18,68,50
USW00094728,4/29/18,59,47
USW00094728,4/30/18,51,44
USW00094728,5/1/18,80,48
USW00094728,5/2/18,90,65
USW00094728,5/3/18,92,70
USW00094728,5/4/18,84,72
USW00094728,5/5/18,76,61
USW00094728,5/6/18,66,56
USW00094728,5/7/18,77,54
USW00094728,5/8/18,74,53
USW00094728,5/9/18,77,54
USW00094728,5/10/18,66,54
USW00094728,5/11/18,73,60
USW00094728,5/12/18,63,51
USW00094728,5/13/18,54,52
USW00094728,5/14/18,71,52
USW00094728,5/15/18,88,61
USW00094728,5/16/18,64,56
USW00094728,5/17/18,71,56
USW00094728,5/18/18,67,56
USW00094728,5/19/18,56,49
USW00094728,5/20/18,81,56
USW00094728,5/21/18,79,58
USW00094728,5/22/18,68,55
USW00094728,5/23/18,81,59
USW00094728,5/24/18,83,63
USW00094728,5/25/18,86,65
USW00094728,5/26/18,89,72
USW00094728,5/27/18,80,56
USW00094728,5/28/18,69,56
USW00094728,5/29/18,89,63
USW00094728,5/30/18,78,61
USW00094728,5/31/18,68,63
USW00094728,6/1/18,81,65
USW00094728,6/2/18,87,66
USW00094728,6/3/18,66,51
USW00094728,6/4/18,71,51
USW00094728,6/5/18,75,58
USW00094728,6/6/18,71,58
USW00094728,6/7/18,71,60
USW00094728,6/8/18,82,60
USW00094728,6/9/18,83,67
USW00094728,6/10/18,73,58
USW00094728,6/11/18,73,58
USW00094728,6/12/18,75,57
USW00094728,6/13/18,78,63
USW00094728,6/14/18,84,67
USW00094728,6/15/18,76,63
USW00094728,6/16/18,85,64
USW00094728,6/17/18,91,66
USW00094728,6/18/18,91,73
USW00094728,6/19/18,88,75
USW00094728,6/20/18,83,69
USW00094728,6/21/18,83,65
USW00094728,6/22/18,75,62
USW00094728,6/23/18,66,62
USW00094728,6/24/18,84,66
USW00094728,6/25/18,81,67
USW00094728,6/26/18,78,61
USW00094728,6/27/18,73,66
USW00094728,6/28/18,83,70
USW00094728,6/29/18,89,70
USW00094728,6/30/18,93,72
USW00094728,7/1/18,96,79
USW00094728,7/2/18,95,79
USW00094728,7/3/18,92,77
USW00094728,7/4/18,86,77
USW00094728,7/5/18,90,76
USW00094728,7/6/18,80,69
USW00094728,7/7/18,78,62
USW00094728,7/8/18,84,62
USW00094728,7/9/18,87,67
USW00094728,7/10/18,93,72
USW00094728,7/11/18,88,74
USW00094728,7/12/18,84,64
USW00094728,7/13/18,84,68
USW00094728,7/14/18,88,70
USW00094728,7/15/18,83,69
USW00094728,7/16/18,90,75
USW00094728,7/17/18,88,70
USW00094728,7/18/18,85,66
USW00094728,7/19/18,83,66
USW00094728,7/20/18,82,69
USW00094728,7/21/18,79,65
USW00094728,7/22/18,79,70
USW00094728,7/23/18,80,73
USW00094728,7/24/18,82,75
USW00094728,7/25/18,77,72
USW00094728,7/26/18,85,72
USW00094728,7/27/18,86,68
USW00094728,7/28/18,85,70
USW00094728,7/29/18,82,70
USW00094728,7/30/18,78,68
USW00094728,7/31/18,82,68
USW00094728,8/1/18,84,74
USW00094728,8/2/18,86,76
USW00094728,8/3/18,85,73
USW00094728,8/4/18,84,72
USW00094728,8/5/18,91,73
USW00094728,8/6/18,92,77
USW00094728,8/7/18,90,74
USW00094728,8/8/18,90,76
USW00094728,8/9/18,86,73
USW00094728,8/10/18,86,72
USW00094728,8/11/18,80,70
USW00094728,8/12/18,84,72
USW00094728,8/13/18,75,71
USW00094728,8/14/18,82,71
USW00094728,8/15/18,86,70
USW00094728,8/16/18,88,76
USW00094728,8/17/18,87,72
USW00094728,8/18/18,85,71
USW00094728,8/19/18,72,67
USW00094728,8/20/18,74,67
USW00094728,8/21/18,79,66
USW00094728,8/22/18,82,71
USW00094728,8/23/18,77,65
USW00094728,8/24/18,82,65
USW00094728,8/25/18,80,68
USW00094728,8/26/18,83,69
USW00094728,8/27/18,88,74
USW00094728,8/28/18,94,79
USW00094728,8/29/18,92,81
USW00094728,8/30/18,90,78
USW00094728,8/31/18,78,69
USW00094728,9/1/18,78,69
USW00094728,9/2/18,81,68
USW00094728,9/3/18,90,75
USW00094728,9/4/18,92,77
USW00094728,9/5/18,89,77
USW00094728,9/6/18,93,73
USW00094728,9/7/18,75,69
USW00094728,9/8/18,71,61
USW00094728,9/9/18,62,55
USW00094728,9/10/18,64,54
USW00094728,9/11/18,74,62
USW00094728,9/12/18,77,71
USW00094728,9/13/18,76,69
USW00094728,9/14/18,75,68
USW00094728,9/15/18,80,67
USW00094728,9/16/18,84,67
USW00094728,9/17/18,79,68
USW00094728,9/18/18,79,70
USW00094728,9/19/18,81,68
USW00094728,9/20/18,72,65
USW00094728,9/21/18,72,67
USW00094728,9/22/18,74,62
USW00094728,9/23/18,66,60
USW00094728,9/24/18,69,57
USW00094728,9/25/18,73,59
USW00094728,9/26/18,82,69
USW00094728,9/27/18,72,61
USW00094728,9/28/18,65,56
USW00094728,9/29/18,72,58
USW00094728,9/30/18,70,54
USW00094728,10/1/18,76,63
USW00094728,10/2/18,77,65
USW00094728,10/3/18,74,63
USW00094728,10/4/18,76,61
USW00094728,10/5/18,71,60
USW00094728,10/6/18,68,63
USW00094728,10/7/18,79,67
USW00094728,10/8/18,74,64
USW00094728,10/9/18,77,66
USW00094728,10/10/18,80,71
USW00094728,10/11/18,77,69
USW00094728,10/12/18,68,51
USW00094728,10/13/18,55,46
USW00094728,10/14/18,58,47
USW00094728,10/15/18,68,52
USW00094728,10/16/18,60,47
USW00094728,10/17/18,61,46
USW00094728,10/18/18,50,42
USW00094728,10/19/18,60,43
USW00094728,10/20/18,62,51
USW00094728,10/21/18,51,39
USW00094728,10/22/18,50,39
USW00094728,10/23/18,63,49
USW00094728,10/24/18,54,44
USW00094728,10/25/18,51,40
USW00094728,10/26/18,50,38
USW00094728,10/27/18,51,44
USW00094728,10/28/18,52,45
USW00094728,10/29/18,56,47
USW00094728,10/30/18,55,42
USW00094728,10/31/18,64,44
USW00094728,11/1/18,70,57
USW00094728,11/2/18,72,64
USW00094728,11/3/18,65,48
USW00094728,11/4/18,55,43
USW00094728,11/5/18,53,48
USW00094728,11/6/18,59,49
USW00094728,11/7/18,62,51
USW00094728,11/8/18,56,45
USW00094728,11/9/18,52,40
USW00094728,11/10/18,50,34
USW00094728,11/11/18,46,33
USW00094728,11/12/18,49,37
USW00094728,11/13/18,50,43
USW00094728,11/14/18,43,32
USW00094728,11/15/18,40,28
USW00094728,11/16/18,45,34
USW00094728,11/17/18,47,37
USW00094728,11/18/18,44,39
USW00094728,11/19/18,50,41
USW00094728,11/20/18,47,39
USW00094728,11/21/18,44,27
USW00094728,11/22/18,28,17
USW00094728,11/23/18,32,15
USW00094728,11/24/18,49,31
USW00094728,11/25/18,55,45
USW00094728,11/26/18,53,45
USW00094728,11/27/18,45,37
USW00094728,11/28/18,42,36
USW00094728,11/29/18,46,38
USW00094728,11/30/18,43,38
USW00094728,12/1/18,46,36
USW00094728,12/2/18,56,42
USW00094728,12/3/18,55,46
USW00094728,12/4/18,46,31
USW00094728,12/5/18,37,28
USW00094728,12/6/18,40,30
USW00094728,12/7/18,39,28
USW00094728,12/8/18,36,24
USW00094728,12/9/18,36,28
USW00094728,12/10/18,39,29
USW00094728,12/11/18,41,29
USW00094728,12/12/18,41,33
USW00094728,12/13/18,40,33
USW00094728,12/14/18,51,40
USW00094728,12/15/18,52,46
USW00094728,12/16/18,46,35
USW00094728,12/17/18,46,37
USW00094728,12/18/18,40,28
USW00094728,12/19/18,42,26
USW00094728,12/20/18,47,37
USW00094728,12/21/18,61,47
USW00094728,12/22/18,54,40
USW00094728,12/23/18,43,36
USW00094728,12/24/18,43,36
USW00094728,12/25/18,40,33
USW00094728,12/26/18,43,32
USW00094728,12/27/18,44,37
USW00094728,12/28/18,60,43
USW00094728,12/29/18,57,39
USW00094728,12/30/18,40,33
USW00094728,12/31/18,48,36
USW00094728,1/1/19,58,39
USW00094728,1/2/19,40,35
USW00094728,1/3/19,44,37
USW00094728,1/4/19,47,35
USW00094728,1/5/19,47,41
USW00094728,1/6/19,49,31
USW00094728,1/7/19,34,25
USW00094728,1/8/19,45,34
USW00094728,1/9/19,45,34
USW00094728,1/10/19,34,28
USW00094728,1/11/19,30,21
USW00094728,1/12/19,34,20
USW00094728,1/13/19,33,25
USW00094728,1/14/19,32,22
USW00094728,1/15/19,36,25
USW00094728,1/16/19,39,30
USW00094728,1/17/19,33,24
USW00094728,1/18/19,39,29
USW00094728,1/19/19,37,32
USW00094728,1/20/19,42,14
USW00094728,1/21/19,14,4
USW00094728,1/22/19,31,13
USW00094728,1/23/19,52,31
USW00094728,1/24/19,59,35
USW00094728,1/25/19,40,28
USW00094728,1/26/19,35,24
USW00094728,1/27/19,49,32
USW00094728,1/28/19,38,25
USW00094728,1/29/19,43,25
USW00094728,1/30/19,35,6
USW00094728,1/31/19,16,2
USW00094728,2/1/19,21,11
USW00094728,2/2/19,34,16
USW00094728,2/3/19,53,33
USW00094728,2/4/19,61,41
USW00094728,2/5/19,65,44
USW00094728,2/6/19,46,35
USW00094728,2/7/19,44,39
USW00094728,2/8/19,55,32
USW00094728,2/9/19,32,23
USW00094728,2/10/19,35,23
USW00094728,2/11/19,38,30
USW00094728,2/12/19,36,26
USW00094728,2/13/19,41,33
USW00094728,2/14/19,46,33
USW00094728,2/15/19,59,42
USW00094728,2/16/19,47,32
USW00094728,2/17/19,38,26
USW00094728,2/18/19,42,26
USW00094728,2/19/19,36,23
USW00094728,2/20/19,33,26
USW00094728,2/21/19,52,33
USW00094728,2/22/19,44,36
USW00094728,2/23/19,42,32
USW00094728,2/24/19,47,36
USW00094728,2/25/19,43,28
USW00094728,2/26/19,36,25
USW00094728,2/27/19,31,23
USW00094728,2/28/19,37,27
USW00094728,3/1/19,35,26
USW00094728,3/2/19,41,31
USW00094728,3/3/19,42,33
USW00094728,3/4/19,38,28
USW00094728,3/5/19,32,20
USW00094728,3/6/19,26,19
USW00094728,3/7/19,32,18
USW00094728,3/8/19,39,24
USW00094728,3/9/19,49,34
USW00094728,3/10/19,43,35
USW00094728,3/11/19,53,39
USW00094728,3/12/19,44,34
USW00094728,3/13/19,49,32
USW00094728,3/14/19,57,42
USW00094728,3/15/19,75,49
USW00094728,3/16/19,58,37
USW00094728,3/17/19,45,34
USW00094728,3/18/19,46,32
USW00094728,3/19/19,51,35
USW00094728,3/20/19,53,37
USW00094728,3/21/19,46,41
USW00094728,3/22/19,49,38
USW00094728,3/23/19,48,35
USW00094728,3/24/19,60,38
USW00094728,3/25/19,56,42
USW00094728,3/26/19,49,33
USW00094728,3/27/19,47,34
USW00094728,3/28/19,53,37
USW00094728,3/29/19,59,49
USW00094728,3/30/19,70,52
USW00094728,3/31/19,65,39
USW00094728,4/1/19,46,33
USW00094728,4/2/19,52,39
USW00094728,4/3/19,67,41
USW00094728,4/4/19,60,44
USW00094728,4/5/19,45,38
USW00094728,4/6/19,68,39
USW00094728,4/7/19,66,51
USW00094728,4/8/19,79,49
USW00094728,4/9/19,51,46
USW00094728,4/10/19,60,45
USW00094728,4/11/19,55,40
USW00094728,4/12/19,68,46
USW00094728,4/13/19,77,59
USW00094728,4/14/19,73,60
USW00094728,4/15/19,65,46
USW00094728,4/16/19,66,44
USW00094728,4/17/19,63,48
USW00094728,4/18/19,62,51
USW00094728,4/19/19,80,58
USW00094728,4/20/19,64,55
USW00094728,4/21/19,66,53
USW00094728,4/22/19,64,52
USW00094728,4/23/19,77,56
USW00094728,4/24/19,69,55
USW00094728,4/25/19,66,48
USW00094728,4/26/19,59,51
USW00094728,4/27/19,58,47
USW00094728,4/28/19,53,45
USW00094728,4/29/19,60,41
USW00094728,4/30/19,60,48
USW00094728,5/1/19,56,50
USW00094728,5/2/19,78,50
USW00094728,5/3/19,56,50
USW00094728,5/4/19,71,53
USW00094728,5/5/19,58,51
USW00094728,5/6/19,74,51
USW00094728,5/7/19,70,52
USW00094728,5/8/19,71,55
USW00094728,5/9/19,61,53
USW00094728,5/10/19,73,56
USW00094728,5/11/19,69,56
USW00094728,5/12/19,59,43
USW00094728,5/13/19,48,42
USW00094728,5/14/19,52,44
USW00094728,5/15/19,69,44
USW00094728,5/16/19,73,52
USW00094728,5/17/19,76,60
USW00094728,5/18/19,75,56
USW00094728,5/19/19,76,60
USW00094728,5/20/19,85,66
USW00094728,5/21/19,71,56
USW00094728,5/22/19,74,54
USW00094728,5/23/19,72,55
USW00094728,5/24/19,73,61
USW00094728,5/25/19,71,55
USW00094728,5/26/19,86,59
USW00094728,5/27/19,80,64
USW00094728,5/28/19,71,62
USW00094728,5/29/19,70,56
USW00094728,5/30/19,70,57
USW00094728,5/31/19,80,63
USW00094728,6/1/19,80,63
USW00094728,6/2/19,81,61
USW00094728,6/3/19,70,58
USW00094728,6/4/19,70,54
USW00094728,6/5/19,81,64
USW00094728,6/6/19,83,68
USW00094728,6/7/19,81,66
USW00094728,6/8/19,81,63
USW00094728,6/9/19,78,60
USW00094728,6/10/19,70,60
USW00094728,6/11/19,77,63
USW00094728,6/12/19,74,59
USW00094728,6/13/19,65,55
USW00094728,6/14/19,73,58
USW00094728,6/15/19,81,60
USW00094728,6/16/19,80,65
USW00094728,6/17/19,76,69
USW00094728,6/18/19,73,67
USW00094728,6/19/19,71,66
USW00094728,6/20/19,78,65
USW00094728,6/21/19,77,65
USW00094728,6/22/19,79,61
USW00094728,6/23/19,83,64
USW00094728,6/24/19,84,67
USW00094728,6/25/19,84,72
USW00094728,6/26/19,87,72
USW00094728,6/27/19,89,71
USW00094728,6/28/19,89,73
USW00094728,6/29/19,91,72
USW00094728,6/30/19,83,69